participant_id,session_id,group,group_label,sex,race,age_at_first_session,education,age_at_visit,moca,updrs_part_iii,disease_duration_years,levodopa_equivalent_daily_dose_mg,state,acq_date,days_since_first_session,eeg_vhdr,eeg_eeg,eeg_vmrk,sampling_frequency_hz,eeg_reference,eeg_channel_count,recording_type,data_file,n_channels_total,sampling_interval_us,binary_format,sampling_frequency_hz_vhdr,sampling_frequency_hz_mne,n_channels_eeg,recording_duration_sec,eeg_data_local,eeg_load_error,eeg_load_ok,voltage_available,voltage_error,eeg_voltage_mean_uv,eeg_voltage_skew,eeg_filt_rms_uv,eeg_filt_std_uv,eeg_filt_skew,eeg_filt_alpha_rel,eeg_filt_beta_rel,eeg_voltage_n_samples,eeg_voltage_n_channels,eeg_filt_effective_sfreq_hz
sub-1,ses-01,Control,0,F,White,67.1,16.0,67.1,28.0,,,,EO,2016-06-30,0,sub-1/ses-01/eeg/sub-1_ses-01_task-rest_eeg.vhdr,sub-1/ses-01/eeg/sub-1_ses-01_task-rest_eeg.eeg,sub-1/ses-01/eeg/sub-1_ses-01_task-rest_eeg.vmrk,500,Pz,63,continuous,sub-1_ses-01_task-rest_eeg.eeg,63,2000.0,IEEE_FLOAT_32,500.0,500.0,63,180.56,True,,True,True,,113.33283900568911,0.0021903348503020514,144.14058321246375,144.14051486191178,0.0021903348503020514,0.10766104880641583,0.4324135653470327,90280.0,63.0,500.0
sub-1,ses-02,Control,0,F,White,67.1,16.0,69.0,,,,,EO,2019-01-19,933,sub-1/ses-02/eeg/sub-1_ses-02_task-rest_eeg.vhdr,sub-1/ses-02/eeg/sub-1_ses-02_task-rest_eeg.eeg,sub-1/ses-02/eeg/sub-1_ses-02_task-rest_eeg.vmrk,500,Pz,63,continuous,sub-1_ses-02_task-rest_eeg.eeg,64,2000.0,IEEE_FLOAT_32,500.0,500.0,64,304.04,True,,True,True,,85.64925687162506,0.7834662119948571,136.70627747336422,136.70627263745314,0.7834662119948571,0.06877538563696284,0.2704954012213301,152020.0,63.0,500.0
sub-10,ses-01,Control,0,M,White,74.5,17.0,74.5,26.0,,,,EO,2013-04-11,0,sub-10/ses-01/eeg/sub-10_ses-01_task-rest_eeg.vhdr,sub-10/ses-01/eeg/sub-10_ses-01_task-rest_eeg.eeg,sub-10/ses-01/eeg/sub-10_ses-01_task-rest_eeg.vmrk,500,Pz,63,continuous,sub-10_ses-01_task-rest_eeg.eeg,63,2000.0,IEEE_FLOAT_32,500.0,500.0,63,181.08,True,,True,True,,117.43409514465783,2.3792453554577127,179.5604493732818,179.5604204633562,2.3792453554577127,0.061158282247053435,0.09196809930211088,90540.0,63.0,500.0
sub-100,ses-01,Control,0,M,White,76.0,16.0,76.0,28.0,,,,EO,2017-06-03,0,sub-100/ses-01/eeg/sub-100_ses-01_task-rest_eeg.vhdr,sub-100/ses-01/eeg/sub-100_ses-01_task-rest_eeg.eeg,sub-100/ses-01/eeg/sub-100_ses-01_task-rest_eeg.vmrk,500,Pz,63,continuous,sub-100_ses-01_task-rest_eeg.eeg,63,2000.0,IEEE_FLOAT_32,500.0,500.0,63,184.08,True,,True,True,,184.82296394891983,1.5765364452698278,279.0454676849752,279.04544050722967,1.5765364452698278,0.061697183921362767,0.0845637525889668,92040.0,63.0,500.0
sub-100,ses-02,Control,0,M,White,76.0,16.0,80.3,26.0,,,,EO,2021-01-25,1332,sub-100/ses-02/eeg/sub-100_ses-02_task-rest_eeg.vhdr,sub-100/ses-02/eeg/sub-100_ses-02_task-rest_eeg.eeg,sub-100/ses-02/eeg/sub-100_ses-02_task-rest_eeg.vmrk,500,Pz,63,continuous,sub-100_ses-02_task-rest_eeg.eeg,63,2000.0,IEEE_FLOAT_32,500.0,500.0,63,181.12,True,,True,True,,106.14447695096342,0.6055872008581136,141.19509102609535,141.19504477307407,0.6055872008581136,0.24253387872481266,0.26961686431536613,90560.0,63.0,500.0
sub-101,ses-01,Control,0,F,,71.0,16.0,71.0,28.0,,,,EO,2012-03-25,0,sub-101/ses-01/eeg/sub-101_ses-01_task-rest_eeg.vhdr,sub-101/ses-01/eeg/sub-101_ses-01_task-rest_eeg.eeg,sub-101/ses-01/eeg/sub-101_ses-01_task-rest_eeg.vmrk,500,Pz,63,continuous,sub-101_ses-01_task-rest_eeg.eeg,64,2000.0,IEEE_FLOAT_32,500.0,500.0,64,123.32,True,,True,True,,50.43783249090244,-0.06882480253271682,65.11700139482193,65.1169934439787,-0.06882480253271682,0.24724085005632607,0.2993858520583325,61660.0,64.0,500.0
sub-102,ses-01,Control,0,F,,86.0,12.0,86.0,27.0,,,,EO,2016-07-17,0,sub-102/ses-01/eeg/sub-102_ses-01_task-rest_eeg.vhdr,sub-102/ses-01/eeg/sub-102_ses-01_task-rest_eeg.eeg,sub-102/ses-01/eeg/sub-102_ses-01_task-rest_eeg.vmrk,500,Pz,63,continuous,sub-102_ses-01_task-rest_eeg.eeg,64,2000.0,IEEE_FLOAT_32,500.0,500.0,64,125.0,True,,True,True,,60.29862410131881,-0.003322606099441514,76.58440668753386,76.58434385300866,-0.003322606099441514,0.18436416548045104,0.4312470829253414,62500.0,64.0,500.0
sub-103,ses-01,Control,0,M,,75.0,20.0,75.0,28.0,,,,EO,2007-06-10,0,sub-103/ses-01/eeg/sub-103_ses-01_task-rest_eeg.vhdr,sub-103/ses-01/eeg/sub-103_ses-01_task-rest_eeg.eeg,sub-103/ses-01/eeg/sub-103_ses-01_task-rest_eeg.vmrk,500,Pz,63,continuous,sub-103_ses-01_task-rest_eeg.eeg,64,2000.0,IEEE_FLOAT_32,500.0,500.0,64,121.62,True,,True,True,,96.27650818472964,0.15781676113949086,126.12886254308722,126.12880141526469,0.15781676113949086,0.23489871050842806,0.1792094670465194,60810.0,64.0,500.0
sub-104,ses-01,Control,0,F,,69.0,17.0,69.0,22.0,,,,EO,2019-10-06,0,sub-104/ses-01/eeg/sub-104_ses-01_task-rest_eeg.vhdr,sub-104/ses-01/eeg/sub-104_ses-01_task-rest_eeg.eeg,sub-104/ses-01/eeg/sub-104_ses-01_task-rest_eeg.vmrk,500,Pz,63,continuous,sub-104_ses-01_task-rest_eeg.eeg,64,2000.0,IEEE_FLOAT_32,500.0,500.0,64,122.22,True,,True,True,,83.86808544190495,-0.0883690506699878,110.96026390173876,110.96011932758721,-0.0883690506699878,0.41629741488649674,0.23658387456342048,61110.0,64.0,500.0
sub-105,ses-01,Control,0,F,,74.0,14.0,74.0,27.0,,,,EO,2006-02-07,0,sub-105/ses-01/eeg/sub-105_ses-01_task-rest_eeg.vhdr,sub-105/ses-01/eeg/sub-105_ses-01_task-rest_eeg.eeg,sub-105/ses-01/eeg/sub-105_ses-01_task-rest_eeg.vmrk,500,Pz,63,continuous,sub-105_ses-01_task-rest_eeg.eeg,64,2000.0,IEEE_FLOAT_32,500.0,500.0,64,120.86,True,,True,True,,81.72269334728381,6.042282241372022,124.52652862699489,124.5263609171804,6.042282241372022,0.3219350654619395,0.0829934577861553,60430.0,64.0,500.0
sub-106,ses-01,Control,0,F,,64.0,14.0,64.0,27.0,,,,EO,2000-09-01,0,sub-106/ses-01/eeg/sub-106_ses-01_task-rest_eeg.vhdr,sub-106/ses-01/eeg/sub-106_ses-01_task-rest_eeg.eeg,sub-106/ses-01/eeg/sub-106_ses-01_task-rest_eeg.vmrk,500,Pz,63,continuous,sub-106_ses-01_task-rest_eeg.eeg,64,2000.0,IEEE_FLOAT_32,500.0,500.0,64,181.78,True,,True,True,,86.65787651882479,2.272362634271117,124.87139942729733,124.87138553394908,2.272362634271117,0.10710812590146518,0.1911942438343528,90890.0,64.0,500.0
sub-107,ses-01,Control,0,M,,71.0,16.0,71.0,30.0,,,,EO,2002-11-04,0,sub-107/ses-01/eeg/sub-107_ses-01_task-rest_eeg.vhdr,sub-107/ses-01/eeg/sub-107_ses-01_task-rest_eeg.eeg,sub-107/ses-01/eeg/sub-107_ses-01_task-rest_eeg.vmrk,500,Pz,63,continuous,sub-107_ses-01_task-rest_eeg.eeg,64,2000.0,IEEE_FLOAT_32,500.0,500.0,64,147.42,True,,True,True,,66.00865398499772,0.23532116073744985,85.54964151192053,85.5494502343428,0.23532116073744985,0.1230396541107449,0.40087813252170557,73710.0,64.0,500.0
sub-108,ses-01,Control,0,M,,78.0,17.0,78.0,27.0,,,,EO,2007-09-05,0,sub-108/ses-01/eeg/sub-108_ses-01_task-rest_eeg.vhdr,sub-108/ses-01/eeg/sub-108_ses-01_task-rest_eeg.eeg,sub-108/ses-01/eeg/sub-108_ses-01_task-rest_eeg.vmrk,500,Pz,63,continuous,sub-108_ses-01_task-rest_eeg.eeg,64,2000.0,IEEE_FLOAT_32,500.0,500.0,64,125.32,True,,True,True,,111.08951486299411,3.4258618805869387,175.8820938060395,175.8820397367801,3.4258618805869387,0.1035394019868219,0.19452934749819348,62660.0,64.0,500.0
sub-109,ses-01,Control,0,F,,68.0,15.0,68.0,27.0,,,,EO,2000-02-12,0,sub-109/ses-01/eeg/sub-109_ses-01_task-rest_eeg.vhdr,sub-109/ses-01/eeg/sub-109_ses-01_task-rest_eeg.eeg,sub-109/ses-01/eeg/sub-109_ses-01_task-rest_eeg.vmrk,500,Pz,63,continuous,sub-109_ses-01_task-rest_eeg.eeg,64,2000.0,IEEE_FLOAT_32,500.0,500.0,64,158.44,True,,True,True,,80.01073928355572,0.8597497807037697,104.32254753105053,104.32251379655256,0.8597497807037697,0.5274764703695769,0.1980661520477226,79220.0,64.0,500.0
sub-11,ses-01,Control,0,F,White,66.6,12.0,66.6,30.0,,,,EO,2011-06-04,0,sub-11/ses-01/eeg/sub-11_ses-01_task-rest_eeg.vhdr,sub-11/ses-01/eeg/sub-11_ses-01_task-rest_eeg.eeg,sub-11/ses-01/eeg/sub-11_ses-01_task-rest_eeg.vmrk,500,Pz,63,continuous,sub-11_ses-01_task-rest_eeg.eeg,63,2000.0,IEEE_FLOAT_32,500.0,500.0,63,183.88,True,,True,True,,254.06330832401565,0.4049471995307074,339.92957357461205,339.9278785258986,0.4049471995307074,0.12939372056905382,0.16061332454695396,91940.0,63.0,500.0
sub-110,ses-01,Control,0,F,,52.0,18.0,52.0,27.0,,,,EO,2004-03-22,0,sub-110/ses-01/eeg/sub-110_ses-01_task-rest_eeg.vhdr,sub-110/ses-01/eeg/sub-110_ses-01_task-rest_eeg.eeg,sub-110/ses-01/eeg/sub-110_ses-01_task-rest_eeg.vmrk,500,Pz,63,continuous,sub-110_ses-01_task-rest_eeg.eeg,64,2000.0,IEEE_FLOAT_32,500.0,500.0,64,128.42,True,,True,True,,44.49059475338492,0.5574509448455615,57.32309084049571,57.32295988472805,0.5574509448455615,0.24211081056995026,0.23936532423005533,64210.0,64.0,500.0
sub-111,ses-01,PD,1,F,,57.0,,57.0,,,,,EO,2016-10-23,0,sub-111/ses-01/eeg/sub-111_ses-01_task-rest_eeg.vhdr,sub-111/ses-01/eeg/sub-111_ses-01_task-rest_eeg.eeg,sub-111/ses-01/eeg/sub-111_ses-01_task-rest_eeg.vmrk,500,Pz,63,continuous,sub-111_ses-01_task-rest_eeg.eeg,64,2000.0,IEEE_FLOAT_32,500.0,500.0,64,302.76,True,,True,True,,200.153136760112,1.233001473428149,328.80558996666537,328.80558862959,1.233001473428149,0.04124297505849325,0.048085733184291955,151380.0,63.0,500.0
sub-112,ses-01,PD,1,M,,66.0,,66.0,,,,,EO,2008-11-16,0,sub-112/ses-01/eeg/sub-112_ses-01_task-rest_eeg.vhdr,sub-112/ses-01/eeg/sub-112_ses-01_task-rest_eeg.eeg,sub-112/ses-01/eeg/sub-112_ses-01_task-rest_eeg.vmrk,500,Pz,63,continuous,sub-112_ses-01_task-rest_eeg.eeg,64,2000.0,IEEE_FLOAT_32,500.0,500.0,64,375.92,True,,True,True,,66.51795050232268,-20.17436512729951,141.89167947788937,141.891677078413,-20.17436512729951,0.19050734291139754,0.16334918183051944,187960.0,63.0,500.0
sub-113,ses-01,PD,1,M,,48.0,,48.0,,,,,EO,2012-01-13,0,sub-113/ses-01/eeg/sub-113_ses-01_task-rest_eeg.vhdr,sub-113/ses-01/eeg/sub-113_ses-01_task-rest_eeg.eeg,sub-113/ses-01/eeg/sub-113_ses-01_task-rest_eeg.vmrk,500,Pz,63,continuous,sub-113_ses-01_task-rest_eeg.eeg,64,2000.0,IEEE_FLOAT_32,500.0,500.0,64,301.16,True,,True,True,,45.47060145785151,0.17779374340442616,62.27145978191518,62.271457258220856,0.17779374340442616,0.14852082022398388,0.16954409754184788,150580.0,63.0,500.0
sub-114,ses-01,PD,1,F,,62.0,,62.0,,,,,EO,2001-02-03,0,sub-114/ses-01/eeg/sub-114_ses-01_task-rest_eeg.vhdr,sub-114/ses-01/eeg/sub-114_ses-01_task-rest_eeg.eeg,sub-114/ses-01/eeg/sub-114_ses-01_task-rest_eeg.vmrk,500,Pz,63,continuous,sub-114_ses-01_task-rest_eeg.eeg,64,2000.0,IEEE_FLOAT_32,500.0,500.0,64,300.9,True,,True,True,,215.36933382998092,2.9029299687445684,379.06257780732636,379.0625406743646,2.9029299687445684,0.014912689352779628,0.06747769323797051,150450.0,63.0,500.0
sub-115,ses-01,PD,1,F,,70.0,,70.0,,,,,EO,2015-02-28,0,sub-115/ses-01/eeg/sub-115_ses-01_task-rest_eeg.vhdr,sub-115/ses-01/eeg/sub-115_ses-01_task-rest_eeg.eeg,sub-115/ses-01/eeg/sub-115_ses-01_task-rest_eeg.vmrk,500,Pz,63,continuous,sub-115_ses-01_task-rest_eeg.eeg,64,2000.0,IEEE_FLOAT_32,500.0,500.0,64,302.38,True,,True,True,,59.60477599826302,0.056211011181950536,79.5679737132256,79.56796928480806,0.056211011181950536,0.5237958690837464,0.1639412599626155,151190.0,63.0,500.0
sub-116,ses-01,PD,1,M,,68.0,,68.0,,,,,EO,2020-05-05,0,sub-116/ses-01/eeg/sub-116_ses-01_task-rest_eeg.vhdr,sub-116/ses-01/eeg/sub-116_ses-01_task-rest_eeg.eeg,sub-116/ses-01/eeg/sub-116_ses-01_task-rest_eeg.vmrk,500,Pz,63,continuous,sub-116_ses-01_task-rest_eeg.eeg,64,2000.0,IEEE_FLOAT_32,500.0,500.0,64,301.76,True,,True,True,,143.04157740997084,0.4959774440092343,186.61803707602556,186.61802027786433,0.4959774440092343,0.12495423201360284,0.13799671019645207,150880.0,63.0,500.0
sub-117,ses-01,PD,1,M,,83.0,,83.0,,,,,EO,2016-01-10,0,sub-117/ses-01/eeg/sub-117_ses-01_task-rest_eeg.vhdr,sub-117/ses-01/eeg/sub-117_ses-01_task-rest_eeg.eeg,sub-117/ses-01/eeg/sub-117_ses-01_task-rest_eeg.vmrk,500,Pz,63,continuous,sub-117_ses-01_task-rest_eeg.eeg,64,2000.0,IEEE_FLOAT_32,500.0,500.0,64,313.66,True,,True,True,,93.31515525149383,1.6702920920080242,130.01656869606734,130.01653159449845,1.6702920920080242,0.0752739922173734,0.3447121815352613,156830.0,63.0,500.0
sub-118,ses-01,PD,1,M,,77.0,,77.0,,,,,EO,2013-01-19,0,sub-118/ses-01/eeg/sub-118_ses-01_task-rest_eeg.vhdr,sub-118/ses-01/eeg/sub-118_ses-01_task-rest_eeg.eeg,sub-118/ses-01/eeg/sub-118_ses-01_task-rest_eeg.vmrk,500,Pz,63,continuous,sub-118_ses-01_task-rest_eeg.eeg,64,2000.0,IEEE_FLOAT_32,500.0,500.0,64,303.82,True,,True,True,,61.61533665613521,2.292090740951885,88.61188891902663,88.61187974823797,2.292090740951885,0.1470947213536831,0.10754042210286498,151910.0,63.0,500.0
sub-119,ses-01,PD,1,F,,76.0,,76.0,,,,,EO,2020-05-17,0,sub-119/ses-01/eeg/sub-119_ses-01_task-rest_eeg.vhdr,sub-119/ses-01/eeg/sub-119_ses-01_task-rest_eeg.eeg,sub-119/ses-01/eeg/sub-119_ses-01_task-rest_eeg.vmrk,500,Pz,63,continuous,sub-119_ses-01_task-rest_eeg.eeg,64,2000.0,IEEE_FLOAT_32,500.0,500.0,64,301.52,True,,True,True,,144.2133092764271,0.3821536889755897,189.60301002016,189.60300319090365,0.3821536889755897,0.1641240859568615,0.08415391991865119,150760.0,63.0,500.0
sub-12,ses-01,Control,0,M,White,74.0,20.0,74.0,25.0,,,,EO,2019-06-19,0,sub-12/ses-01/eeg/sub-12_ses-01_task-rest_eeg.vhdr,sub-12/ses-01/eeg/sub-12_ses-01_task-rest_eeg.eeg,sub-12/ses-01/eeg/sub-12_ses-01_task-rest_eeg.vmrk,500,Pz,63,continuous,sub-12_ses-01_task-rest_eeg.eeg,63,2000.0,IEEE_FLOAT_32,500.0,500.0,63,185.4,True,,True,True,,98.05127227120353,0.13808990783882497,128.5375928779443,128.5375465977178,0.13808990783882497,0.23018843218357257,0.46369915144522245,92700.0,63.0,500.0
sub-120,ses-01,PD,1,M,,53.0,,53.0,,,,,EO,2010-02-05,0,sub-120/ses-01/eeg/sub-120_ses-01_task-rest_eeg.vhdr,sub-120/ses-01/eeg/sub-120_ses-01_task-rest_eeg.eeg,sub-120/ses-01/eeg/sub-120_ses-01_task-rest_eeg.vmrk,500,Pz,63,continuous,sub-120_ses-01_task-rest_eeg.eeg,64,2000.0,IEEE_FLOAT_32,500.0,500.0,64,301.84,True,,True,True,,84.04237100620162,1.434094427935764,116.21824923663219,116.21824169816115,1.434094427935764,0.12547837864988978,0.15496735771303383,150920.0,63.0,500.0
sub-121,ses-01,PD,1,M,,69.0,,69.0,,,,,EO,2005-02-16,0,sub-121/ses-01/eeg/sub-121_ses-01_task-rest_eeg.vhdr,sub-121/ses-01/eeg/sub-121_ses-01_task-rest_eeg.eeg,sub-121/ses-01/eeg/sub-121_ses-01_task-rest_eeg.vmrk,500,Pz,63,continuous,sub-121_ses-01_task-rest_eeg.eeg,64,2000.0,IEEE_FLOAT_32,500.0,500.0,64,301.48,True,,True,True,,106.1690759796639,1.8459157176353145,144.10972511242406,144.1097132314646,1.8459157176353145,0.21787908278902895,0.11972702342916826,150740.0,63.0,500.0
sub-122,ses-01,PD,1,M,,72.0,,72.0,,,,,EO,2001-07-26,0,sub-122/ses-01/eeg/sub-122_ses-01_task-rest_eeg.vhdr,sub-122/ses-01/eeg/sub-122_ses-01_task-rest_eeg.eeg,sub-122/ses-01/eeg/sub-122_ses-01_task-rest_eeg.vmrk,500,Pz,63,continuous,sub-122_ses-01_task-rest_eeg.eeg,64,2000.0,IEEE_FLOAT_32,500.0,500.0,64,301.02,True,,True,True,,73.41842164507759,0.9970151505079939,104.30535849148103,104.30535258665118,0.9970151505079939,0.10711293181239276,0.27123613114089407,150510.0,63.0,500.0
sub-123,ses-01,PD,1,M,,67.0,,67.0,,,,,EO,2010-06-19,0,sub-123/ses-01/eeg/sub-123_ses-01_task-rest_eeg.vhdr,sub-123/ses-01/eeg/sub-123_ses-01_task-rest_eeg.eeg,sub-123/ses-01/eeg/sub-123_ses-01_task-rest_eeg.vmrk,500,Pz,63,continuous,sub-123_ses-01_task-rest_eeg.eeg,64,2000.0,IEEE_FLOAT_32,500.0,500.0,64,304.68,True,,True,True,,97.5509541113902,0.3464592649976665,126.41878435737976,126.41876936176757,0.3464592649976665,0.3090258576689853,0.16044342291310082,152340.0,63.0,500.0
sub-124,ses-01,PD,1,M,,74.0,,74.0,,,,,EO,2005-01-03,0,sub-124/ses-01/eeg/sub-124_ses-01_task-rest_eeg.vhdr,sub-124/ses-01/eeg/sub-124_ses-01_task-rest_eeg.eeg,sub-124/ses-01/eeg/sub-124_ses-01_task-rest_eeg.vmrk,500,Pz,63,continuous,sub-124_ses-01_task-rest_eeg.eeg,64,2000.0,IEEE_FLOAT_32,500.0,500.0,64,302.42,True,,True,True,,66.26829671255965,1.5482383817431966,88.27519000648076,88.2751702142868,1.5482383817431966,0.14136276906747322,0.32385938768945,151210.0,63.0,500.0
sub-125,ses-01,PD,1,M,,63.0,,63.0,,,,,EO,2010-12-15,0,sub-125/ses-01/eeg/sub-125_ses-01_task-rest_eeg.vhdr,sub-125/ses-01/eeg/sub-125_ses-01_task-rest_eeg.eeg,sub-125/ses-01/eeg/sub-125_ses-01_task-rest_eeg.vmrk,500,Pz,63,continuous,sub-125_ses-01_task-rest_eeg.eeg,64,2000.0,IEEE_FLOAT_32,500.0,500.0,64,301.02,True,,True,True,,84.69394413656352,0.34173387499886415,110.54000980952709,110.54000133016925,0.34173387499886415,0.30159595077213636,0.2717740489495629,150510.0,63.0,500.0
sub-126,ses-01,PD,1,F,,64.0,,64.0,,,,,EO,2020-08-09,0,sub-126/ses-01/eeg/sub-126_ses-01_task-rest_eeg.vhdr,sub-126/ses-01/eeg/sub-126_ses-01_task-rest_eeg.eeg,sub-126/ses-01/eeg/sub-126_ses-01_task-rest_eeg.vmrk,500,Pz,63,continuous,sub-126_ses-01_task-rest_eeg.eeg,64,2000.0,IEEE_FLOAT_32,500.0,500.0,64,309.46,True,,True,True,,95.1107940608672,2.201551055410288,137.1435579452879,137.14355282667145,2.201551055410288,0.17370447857643764,0.13677630039354588,154730.0,63.0,500.0
sub-127,ses-01,PD,1,F,,52.0,,52.0,,,,,EO,2010-08-29,0,sub-127/ses-01/eeg/sub-127_ses-01_task-rest_eeg.vhdr,sub-127/ses-01/eeg/sub-127_ses-01_task-rest_eeg.eeg,sub-127/ses-01/eeg/sub-127_ses-01_task-rest_eeg.vmrk,500,Pz,63,continuous,sub-127_ses-01_task-rest_eeg.eeg,64,2000.0,IEEE_FLOAT_32,500.0,500.0,64,322.76,True,,True,True,,220.89963688189647,1.8608867084050473,329.01173481188175,329.01172970342685,1.8608867084050473,0.04269276850791467,0.11036920495112347,161380.0,63.0,500.0
sub-128,ses-01,PD,1,M,,80.0,,80.0,,,,,EO,2004-05-25,0,sub-128/ses-01/eeg/sub-128_ses-01_task-rest_eeg.vhdr,sub-128/ses-01/eeg/sub-128_ses-01_task-rest_eeg.eeg,sub-128/ses-01/eeg/sub-128_ses-01_task-rest_eeg.vmrk,500,Pz,63,continuous,sub-128_ses-01_task-rest_eeg.eeg,64,2000.0,IEEE_FLOAT_32,500.0,500.0,64,310.3,True,,True,True,,73.96799826995145,0.020132809722514935,94.50215275146442,94.50212513756983,0.020132809722514935,0.30058085921700056,0.18229458734812504,155150.0,63.0,500.0
sub-129,ses-01,PD,1,M,,68.0,,68.0,,,,,EO,2014-05-22,0,sub-129/ses-01/eeg/sub-129_ses-01_task-rest_eeg.vhdr,sub-129/ses-01/eeg/sub-129_ses-01_task-rest_eeg.eeg,sub-129/ses-01/eeg/sub-129_ses-01_task-rest_eeg.vmrk,500,Pz,63,continuous,sub-129_ses-01_task-rest_eeg.eeg,64,2000.0,IEEE_FLOAT_32,500.0,500.0,64,300.88,True,,True,True,,91.58510912141948,0.627606046018584,122.73608840131583,122.73607509979671,0.627606046018584,0.19356335082636714,0.2755374038667993,150440.0,63.0,500.0
sub-13,ses-01,Control,0,M,White,66.6,16.0,66.6,25.0,,,,EO,2012-05-03,0,sub-13/ses-01/eeg/sub-13_ses-01_task-rest_eeg.vhdr,sub-13/ses-01/eeg/sub-13_ses-01_task-rest_eeg.eeg,sub-13/ses-01/eeg/sub-13_ses-01_task-rest_eeg.vmrk,500,Pz,63,continuous,sub-13_ses-01_task-rest_eeg.eeg,63,2000.0,IEEE_FLOAT_32,500.0,500.0,63,184.54,True,,True,True,,81.09334744815666,4.89339919610327,135.90937798420765,135.90924527670626,4.89339919610327,0.13838800640249493,0.18053311486016552,92270.0,63.0,500.0
sub-130,ses-01,PD,1,M,,85.0,,85.0,,,,,EO,2013-06-24,0,sub-130/ses-01/eeg/sub-130_ses-01_task-rest_eeg.vhdr,sub-130/ses-01/eeg/sub-130_ses-01_task-rest_eeg.eeg,sub-130/ses-01/eeg/sub-130_ses-01_task-rest_eeg.vmrk,500,Pz,63,continuous,sub-130_ses-01_task-rest_eeg.eeg,64,2000.0,IEEE_FLOAT_32,500.0,500.0,64,314.36,True,,True,True,,78.9839423613761,0.658474624030396,106.44087128659268,106.44086061827737,0.658474624030396,0.2820611351881167,0.15305687359930045,157180.0,63.0,500.0
sub-131,ses-01,PD,1,M,,71.0,,71.0,,,,,EO,2012-09-06,0,sub-131/ses-01/eeg/sub-131_ses-01_task-rest_eeg.vhdr,sub-131/ses-01/eeg/sub-131_ses-01_task-rest_eeg.eeg,sub-131/ses-01/eeg/sub-131_ses-01_task-rest_eeg.vmrk,500,Pz,63,continuous,sub-131_ses-01_task-rest_eeg.eeg,64,2000.0,IEEE_FLOAT_32,500.0,500.0,64,301.48,True,,True,True,,102.34152476943635,0.576737137920509,135.87749127758048,135.8774677446452,0.576737137920509,0.2968545923727691,0.09007876004403587,150740.0,63.0,500.0
sub-132,ses-01,PD,1,M,,70.0,,70.0,,,,,EO,2000-09-23,0,sub-132/ses-01/eeg/sub-132_ses-01_task-rest_eeg.vhdr,sub-132/ses-01/eeg/sub-132_ses-01_task-rest_eeg.eeg,sub-132/ses-01/eeg/sub-132_ses-01_task-rest_eeg.vmrk,500,Pz,63,continuous,sub-132_ses-01_task-rest_eeg.eeg,64,2000.0,IEEE_FLOAT_32,500.0,500.0,64,309.48,True,,True,True,,79.82005739846238,0.2968553483957987,102.9142190252661,102.91421161805653,0.2968553483957987,0.1350039631323505,0.11538293056910823,154740.0,63.0,500.0
sub-133,ses-01,PD,1,M,,66.0,,66.0,,,,,EO,2005-06-27,0,sub-133/ses-01/eeg/sub-133_ses-01_task-rest_eeg.vhdr,sub-133/ses-01/eeg/sub-133_ses-01_task-rest_eeg.eeg,sub-133/ses-01/eeg/sub-133_ses-01_task-rest_eeg.vmrk,500,Pz,63,continuous,sub-133_ses-01_task-rest_eeg.eeg,64,2000.0,IEEE_FLOAT_32,500.0,500.0,64,312.4,True,,True,True,,85.16520942934666,-0.03225692825535123,110.37970392898578,110.37969127257031,-0.03225692825535123,0.3410324799805094,0.24490835494691535,156200.0,63.0,500.0
sub-134,ses-01,PD,1,M,,73.0,,73.0,,,,,EO,2000-04-16,0,sub-134/ses-01/eeg/sub-134_ses-01_task-rest_eeg.vhdr,sub-134/ses-01/eeg/sub-134_ses-01_task-rest_eeg.eeg,sub-134/ses-01/eeg/sub-134_ses-01_task-rest_eeg.vmrk,500,Pz,63,continuous,sub-134_ses-01_task-rest_eeg.eeg,64,2000.0,IEEE_FLOAT_32,500.0,500.0,64,309.84,True,,True,True,,104.21841518186275,0.6605812942554283,140.92920435074598,140.92919540806784,0.6605812942554283,0.14865383549735267,0.31332024277399945,154920.0,63.0,500.0
sub-135,ses-01,PD,1,M,,72.0,,72.0,,,,,EO,2019-10-26,0,sub-135/ses-01/eeg/sub-135_ses-01_task-rest_eeg.vhdr,sub-135/ses-01/eeg/sub-135_ses-01_task-rest_eeg.eeg,sub-135/ses-01/eeg/sub-135_ses-01_task-rest_eeg.vmrk,500,Pz,63,continuous,sub-135_ses-01_task-rest_eeg.eeg,64,2000.0,IEEE_FLOAT_32,500.0,500.0,64,305.94,True,,True,True,,153.54785270276776,0.0011204908680568157,216.16660074110987,216.16655420510435,0.0011204908680568157,0.170255457030538,0.26193394370066625,152970.0,63.0,500.0
sub-136,ses-01,PD,1,M,,67.0,,67.0,,,,,EO,2016-06-05,0,sub-136/ses-01/eeg/sub-136_ses-01_task-rest_eeg.vhdr,sub-136/ses-01/eeg/sub-136_ses-01_task-rest_eeg.eeg,sub-136/ses-01/eeg/sub-136_ses-01_task-rest_eeg.vmrk,500,Pz,63,continuous,sub-136_ses-01_task-rest_eeg.eeg,64,2000.0,IEEE_FLOAT_32,500.0,500.0,64,301.2,True,,True,True,,122.8271236780414,-0.18839465413307818,162.45180298224827,162.45178809787276,-0.18839465413307818,0.2616734752912954,0.12988767382259533,150600.0,63.0,500.0
sub-137,ses-01,PD,1,F,,64.0,,64.0,,,,,EO,2004-01-23,0,sub-137/ses-01/eeg/sub-137_ses-01_task-rest_eeg.vhdr,sub-137/ses-01/eeg/sub-137_ses-01_task-rest_eeg.eeg,sub-137/ses-01/eeg/sub-137_ses-01_task-rest_eeg.vmrk,500,Pz,63,continuous,sub-137_ses-01_task-rest_eeg.eeg,64,2000.0,IEEE_FLOAT_32,500.0,500.0,64,304.16,True,,True,True,,131.29177825213725,2.9029520942296103,222.95904983807128,222.95904763587075,2.9029520942296103,0.047920384961168655,0.06248640167352098,152080.0,63.0,500.0
sub-138,ses-01,PD,1,M,,76.0,,76.0,,,,,EO,2009-01-18,0,sub-138/ses-01/eeg/sub-138_ses-01_task-rest_eeg.vhdr,sub-138/ses-01/eeg/sub-138_ses-01_task-rest_eeg.eeg,sub-138/ses-01/eeg/sub-138_ses-01_task-rest_eeg.vmrk,500,Pz,63,continuous,sub-138_ses-01_task-rest_eeg.eeg,64,2000.0,IEEE_FLOAT_32,500.0,500.0,64,312.32,True,,True,True,,75.60853424975167,2.73770221278452,107.54212809507906,107.54211450845898,2.73770221278452,0.14836044648063174,0.17973872868618365,156160.0,63.0,500.0
sub-139,ses-01,PD,1,F,,67.0,,67.0,,,,,EO,2005-09-29,0,sub-139/ses-01/eeg/sub-139_ses-01_task-rest_eeg.vhdr,sub-139/ses-01/eeg/sub-139_ses-01_task-rest_eeg.eeg,sub-139/ses-01/eeg/sub-139_ses-01_task-rest_eeg.vmrk,500,Pz,63,continuous,sub-139_ses-01_task-rest_eeg.eeg,64,2000.0,IEEE_FLOAT_32,500.0,500.0,64,308.8,True,,True,True,,112.84722976066313,2.8951579043379576,159.9913360108895,159.99130758065252,2.8951579043379576,0.11911737090662809,0.18966574319170726,154400.0,63.0,500.0
sub-14,ses-01,Control,0,F,White,68.3,14.0,68.3,28.0,,,,EO,2001-04-28,0,sub-14/ses-01/eeg/sub-14_ses-01_task-rest_eeg.vhdr,sub-14/ses-01/eeg/sub-14_ses-01_task-rest_eeg.eeg,sub-14/ses-01/eeg/sub-14_ses-01_task-rest_eeg.vmrk,500,Pz,63,continuous,sub-14_ses-01_task-rest_eeg.eeg,63,2000.0,IEEE_FLOAT_32,500.0,500.0,63,182.72,True,,True,True,,270.4991997494947,4.389867505126229,406.3602288996707,406.3601936336467,4.389867505126229,0.0298012207837097,0.08331232629318572,91360.0,63.0,500.0
sub-140,ses-01,PD,1,M,,53.0,,53.0,,,,,EO,2009-03-30,0,sub-140/ses-01/eeg/sub-140_ses-01_task-rest_eeg.vhdr,sub-140/ses-01/eeg/sub-140_ses-01_task-rest_eeg.eeg,sub-140/ses-01/eeg/sub-140_ses-01_task-rest_eeg.vmrk,500,Pz,63,continuous,sub-140_ses-01_task-rest_eeg.eeg,64,2000.0,IEEE_FLOAT_32,500.0,500.0,64,306.58,True,,True,True,,95.61320670413824,0.30800964297347266,128.21011464582054,128.21010267671036,0.30800964297347266,0.19913469805131542,0.18717834580484788,153290.0,63.0,500.0
sub-141,ses-01,PD,1,F,,75.0,,75.0,,,,,EO,2006-01-24,0,sub-141/ses-01/eeg/sub-141_ses-01_task-rest_eeg.vhdr,sub-141/ses-01/eeg/sub-141_ses-01_task-rest_eeg.eeg,sub-141/ses-01/eeg/sub-141_ses-01_task-rest_eeg.vmrk,500,Pz,63,continuous,sub-141_ses-01_task-rest_eeg.eeg,64,2000.0,IEEE_FLOAT_32,500.0,500.0,64,353.54,True,,True,True,,55.983994791382166,0.0918637986639306,74.3453297597491,74.34532468560396,0.0918637986639306,0.5558050242563067,0.18482942117686216,176770.0,63.0,500.0
sub-142,ses-01,PD,1,F,,73.0,,73.0,,,,,EO,2006-12-09,0,sub-142/ses-01/eeg/sub-142_ses-01_task-rest_eeg.vhdr,sub-142/ses-01/eeg/sub-142_ses-01_task-rest_eeg.eeg,sub-142/ses-01/eeg/sub-142_ses-01_task-rest_eeg.vmrk,500,Pz,63,continuous,sub-142_ses-01_task-rest_eeg.eeg,64,2000.0,IEEE_FLOAT_32,500.0,500.0,64,301.78,True,,True,True,,146.29968238185148,2.2977767001180904,203.69308538026453,203.69307759937405,2.2977767001180904,0.24849993473811371,0.16008826774506865,150890.0,63.0,500.0
sub-143,ses-01,PD,1,F,,49.0,,49.0,,,,,EO,2015-04-22,0,sub-143/ses-01/eeg/sub-143_ses-01_task-rest_eeg.vhdr,sub-143/ses-01/eeg/sub-143_ses-01_task-rest_eeg.eeg,sub-143/ses-01/eeg/sub-143_ses-01_task-rest_eeg.vmrk,500,Pz,63,continuous,sub-143_ses-01_task-rest_eeg.eeg,64,2000.0,IEEE_FLOAT_32,500.0,500.0,64,300.92,True,,True,True,,93.42130837594576,1.5490156680314562,137.47201109222163,137.47200546375106,1.5490156680314562,0.15542770788570384,0.14312678364953269,150460.0,63.0,500.0
sub-144,ses-01,PD,1,M,,70.0,,70.0,,,,,EO,2018-05-16,0,sub-144/ses-01/eeg/sub-144_ses-01_task-rest_eeg.vhdr,sub-144/ses-01/eeg/sub-144_ses-01_task-rest_eeg.eeg,sub-144/ses-01/eeg/sub-144_ses-01_task-rest_eeg.vmrk,500,Pz,63,continuous,sub-144_ses-01_task-rest_eeg.eeg,64,2000.0,IEEE_FLOAT_32,500.0,500.0,64,300.56,True,,True,True,,52.5784063656354,1.2684259363855468,76.68099398055385,76.68098553660035,1.2684259363855468,0.17947040749175913,0.19378378917796435,150280.0,63.0,500.0
sub-145,ses-01,PD,1,M,,61.0,,61.0,,,,,EO,2004-09-02,0,sub-145/ses-01/eeg/sub-145_ses-01_task-rest_eeg.vhdr,sub-145/ses-01/eeg/sub-145_ses-01_task-rest_eeg.eeg,sub-145/ses-01/eeg/sub-145_ses-01_task-rest_eeg.vmrk,500,Pz,63,continuous,sub-145_ses-01_task-rest_eeg.eeg,64,2000.0,IEEE_FLOAT_32,500.0,500.0,64,304.04,True,,True,True,,93.75236526898995,0.3856738299260027,132.42544092043633,132.425438106725,0.3856738299260027,0.06868538383394723,0.3196205943857085,152020.0,63.0,500.0
sub-146,ses-01,PD,1,F,,75.0,,75.0,,,,,EO,2013-10-30,0,sub-146/ses-01/eeg/sub-146_ses-01_task-rest_eeg.vhdr,sub-146/ses-01/eeg/sub-146_ses-01_task-rest_eeg.eeg,sub-146/ses-01/eeg/sub-146_ses-01_task-rest_eeg.vmrk,500,Pz,63,continuous,sub-146_ses-01_task-rest_eeg.eeg,64,2000.0,IEEE_FLOAT_32,500.0,500.0,64,303.86,True,,True,True,,76.37443450105576,1.0118623664538637,110.32175679002697,110.32175260735151,1.0118623664538637,0.0706258692298145,0.22204788736345532,151930.0,63.0,500.0
sub-147,ses-01,PD,1,M,,72.0,,72.0,,,,,EO,2002-12-10,0,sub-147/ses-01/eeg/sub-147_ses-01_task-rest_eeg.vhdr,sub-147/ses-01/eeg/sub-147_ses-01_task-rest_eeg.eeg,sub-147/ses-01/eeg/sub-147_ses-01_task-rest_eeg.vmrk,500,Pz,63,continuous,sub-147_ses-01_task-rest_eeg.eeg,64,2000.0,IEEE_FLOAT_32,500.0,500.0,64,309.76,True,,True,True,,101.68187563190244,1.1870382248049414,140.0123429167284,140.0123248982008,1.1870382248049414,0.044852007230695615,0.1401253927030055,154880.0,63.0,500.0
sub-148,ses-01,PD,1,M,,57.0,,57.0,,,,,EO,2012-01-02,0,sub-148/ses-01/eeg/sub-148_ses-01_task-rest_eeg.vhdr,sub-148/ses-01/eeg/sub-148_ses-01_task-rest_eeg.eeg,sub-148/ses-01/eeg/sub-148_ses-01_task-rest_eeg.vmrk,500,Pz,63,continuous,sub-148_ses-01_task-rest_eeg.eeg,64,2000.0,IEEE_FLOAT_32,500.0,500.0,64,301.88,True,,True,True,,242.2250567989482,0.19171032995365023,305.538176499962,305.5381053075506,0.19171032995365023,0.3814995752112644,0.38159766935871886,150940.0,63.0,500.0
sub-149,ses-01,PD,1,M,,72.0,,72.0,,,,,EO,2008-05-07,0,sub-149/ses-01/eeg/sub-149_ses-01_task-rest_eeg.vhdr,sub-149/ses-01/eeg/sub-149_ses-01_task-rest_eeg.eeg,sub-149/ses-01/eeg/sub-149_ses-01_task-rest_eeg.vmrk,500,Pz,63,continuous,sub-149_ses-01_task-rest_eeg.eeg,64,2000.0,IEEE_FLOAT_32,500.0,500.0,64,316.8,True,,True,True,,95.66461618802398,4.8158948690930545,154.32143362155824,154.32141832984496,4.8158948690930545,0.10207369675245773,0.1755068541377587,158400.0,63.0,500.0
sub-15,ses-01,Control,0,M,White,72.2,16.0,72.2,30.0,,,,EO,2004-10-03,0,sub-15/ses-01/eeg/sub-15_ses-01_task-rest_eeg.vhdr,sub-15/ses-01/eeg/sub-15_ses-01_task-rest_eeg.eeg,sub-15/ses-01/eeg/sub-15_ses-01_task-rest_eeg.vmrk,500,Pz,63,continuous,sub-15_ses-01_task-rest_eeg.eeg,63,2000.0,IEEE_FLOAT_32,500.0,500.0,63,185.6,True,,True,True,,97.94703486647627,2.41652694655344,136.22019329621355,136.22016594202367,2.41652694655344,0.1610969505107555,0.4051602521445376,92800.0,63.0,500.0
sub-150,ses-01,PD,1,M,,77.0,,77.0,,,,,EO,2018-12-03,0,sub-150/ses-01/eeg/sub-150_ses-01_task-rest_eeg.vhdr,sub-150/ses-01/eeg/sub-150_ses-01_task-rest_eeg.eeg,sub-150/ses-01/eeg/sub-150_ses-01_task-rest_eeg.vmrk,500,Pz,63,continuous,sub-150_ses-01_task-rest_eeg.eeg,64,2000.0,IEEE_FLOAT_32,500.0,500.0,64,307.46,True,,True,True,,244.61966314762046,2.389574705892775,363.94445309295406,363.9444481059526,2.389574705892775,0.09343697693475456,0.08302168750529401,153730.0,63.0,500.0
sub-151,ses-01,PD,1,F,,77.0,,77.0,,,,,EO,2018-10-02,0,sub-151/ses-01/eeg/sub-151_ses-01_task-rest_eeg.vhdr,sub-151/ses-01/eeg/sub-151_ses-01_task-rest_eeg.eeg,sub-151/ses-01/eeg/sub-151_ses-01_task-rest_eeg.vmrk,500,Pz,63,continuous,sub-151_ses-01_task-rest_eeg.eeg,64,2000.0,IEEE_FLOAT_32,500.0,500.0,64,310.94,True,,True,True,,126.6010140290274,2.124557217250454,171.44963505577624,171.4495889969684,2.124557217250454,0.2303486400362754,0.11520766556169901,155470.0,63.0,500.0
sub-152,ses-01,PD,1,M,,83.0,18.0,83.0,25.0,15.0,1.91,750.0,EO,2018-11-15,0,sub-152/ses-01/eeg/sub-152_ses-01_task-rest_eeg.vhdr,sub-152/ses-01/eeg/sub-152_ses-01_task-rest_eeg.eeg,sub-152/ses-01/eeg/sub-152_ses-01_task-rest_eeg.vmrk,500,Pz,63,continuous,sub-152_ses-01_task-rest_eeg.eeg,63,2000.0,IEEE_FLOAT_32,500.0,500.0,63,121.38,True,,True,True,,92.75935866388929,1.5178101524442753,128.6202541261236,128.62022567864668,1.5178101524442753,0.21883323784179218,0.11915237464426164,60690.0,63.0,500.0
sub-152,ses-02,PD,1,M,,83.0,18.0,83.0,25.0,10.0,4.0,750.0,EO,2018-12-13,28,sub-152/ses-02/eeg/sub-152_ses-02_task-rest_eeg.vhdr,sub-152/ses-02/eeg/sub-152_ses-02_task-rest_eeg.eeg,sub-152/ses-02/eeg/sub-152_ses-02_task-rest_eeg.vmrk,500,Pz,63,continuous,sub-152_ses-02_task-rest_eeg.eeg,63,2000.0,IEEE_FLOAT_32,500.0,500.0,63,121.38,True,,True,True,,92.75935866388929,1.5178101524442753,128.6202541261236,128.62022567864668,1.5178101524442753,0.21883323784179218,0.11915237464426164,60690.0,63.0,500.0
sub-153,ses-01,PD,1,M,,72.0,16.0,72.0,24.0,19.0,10.98,1610.0,EO,2019-08-23,0,sub-153/ses-01/eeg/sub-153_ses-01_task-rest_eeg.vhdr,sub-153/ses-01/eeg/sub-153_ses-01_task-rest_eeg.eeg,sub-153/ses-01/eeg/sub-153_ses-01_task-rest_eeg.vmrk,500,Pz,63,continuous,sub-153_ses-01_task-rest_eeg.eeg,63,2000.0,IEEE_FLOAT_32,500.0,500.0,63,123.52,True,,True,True,,69.39490593381812,-0.0032340413989166536,89.59068932540013,89.59044016436675,-0.0032340413989166536,0.432551295350373,0.2203566224306999,61760.0,63.0,500.0
sub-153,ses-02,PD,1,M,,72.0,16.0,73.0,26.0,9.0,9.0,1160.0,EO,2021-01-15,511,sub-153/ses-02/eeg/sub-153_ses-02_task-rest_eeg.vhdr,sub-153/ses-02/eeg/sub-153_ses-02_task-rest_eeg.eeg,sub-153/ses-02/eeg/sub-153_ses-02_task-rest_eeg.vmrk,500,Pz,63,continuous,sub-153_ses-02_task-rest_eeg.eeg,64,2000.0,IEEE_FLOAT_32,500.0,500.0,64,141.82,True,,True,True,,115.54229232874765,3.0313871654582245,171.4682357961151,171.46800421046518,3.0313871654582245,0.29822578122801713,0.15332016495077794,70910.0,64.0,500.0
sub-153,ses-03,PD,1,M,,72.0,16.0,75.0,,,,,EO,2022-08-04,1077,sub-153/ses-03/eeg/sub-153_ses-03_task-rest_eeg.vhdr,sub-153/ses-03/eeg/sub-153_ses-03_task-rest_eeg.eeg,sub-153/ses-03/eeg/sub-153_ses-03_task-rest_eeg.vmrk,25000,Pz,63,continuous,sub-153_ses-03_task-rest_eeg.eeg,64,40.0,IEEE_FLOAT_32,25000.0,25000.0,64,189.24,True,,True,True,,138.08338253380694,3.162069610083087,212.99518404004849,212.99516247834276,3.162069610083087,0.09484252297422623,0.19263386468060914,337929.0,63.0,1785.7142857142858
sub-153,ses-04,PD,1,M,,72.0,16.0,77.0,,,,,EO,2024-07-07,1780,sub-153/ses-04/eeg/sub-153_ses-04_task-rest_eeg.vhdr,sub-153/ses-04/eeg/sub-153_ses-04_task-rest_eeg.eeg,sub-153/ses-04/eeg/sub-153_ses-04_task-rest_eeg.vmrk,500,Pz,63,continuous,sub-153_ses-04_task-rest_eeg.eeg,64,2000.0,IEEE_FLOAT_32,500.0,500.0,64,306.32,True,,True,True,,126.79305755470972,2.037741467287661,185.2362129305142,185.23620861836744,2.037741467287661,0.13886136770528995,0.2356075466638209,153160.0,63.0,500.0
sub-154,ses-01,PD,1,M,,67.0,18.0,67.0,23.0,29.0,2.07,500.0,EO,2020-06-06,0,sub-154/ses-01/eeg/sub-154_ses-01_task-rest_eeg.vhdr,sub-154/ses-01/eeg/sub-154_ses-01_task-rest_eeg.eeg,sub-154/ses-01/eeg/sub-154_ses-01_task-rest_eeg.vmrk,500,Pz,63,continuous,sub-154_ses-01_task-rest_eeg.eeg,63,2000.0,IEEE_FLOAT_32,500.0,500.0,63,124.62,True,,True,True,,84.31027153039727,1.2333368788410348,117.71855925490098,117.71854032480672,1.2333368788410348,0.14348395931023528,0.10330921297996531,62310.0,63.0,500.0
sub-154,ses-02,PD,1,M,,67.0,18.0,68.0,26.0,10.0,2.0,500.0,EO,2021-11-14,526,sub-154/ses-02/eeg/sub-154_ses-02_task-rest_eeg.vhdr,sub-154/ses-02/eeg/sub-154_ses-02_task-rest_eeg.eeg,sub-154/ses-02/eeg/sub-154_ses-02_task-rest_eeg.vmrk,500,Pz,63,continuous,sub-154_ses-02_task-rest_eeg.eeg,64,2000.0,IEEE_FLOAT_32,500.0,500.0,64,132.24,True,,True,True,,74.13920784895292,0.044596097133449794,103.18176681156025,103.18172842680204,0.044596097133449794,0.1726112785250451,0.15750330495045897,66120.0,64.0,500.0
sub-155,ses-01,PD,1,M,,77.0,23.0,77.0,22.0,22.0,0.85,300.0,EO,2000-02-17,0,sub-155/ses-01/eeg/sub-155_ses-01_task-rest_eeg.vhdr,sub-155/ses-01/eeg/sub-155_ses-01_task-rest_eeg.eeg,sub-155/ses-01/eeg/sub-155_ses-01_task-rest_eeg.vmrk,500,Pz,63,continuous,sub-155_ses-01_task-rest_eeg.eeg,63,2000.0,IEEE_FLOAT_32,500.0,500.0,63,133.38,True,,True,True,,72.12583187065344,-0.026118902973501012,91.47458684894994,91.47454988006007,-0.026118902973501012,0.44646248085318446,0.28707147632606533,66690.0,63.0,500.0
sub-155,ses-02,PD,1,M,,77.0,23.0,76.0,22.0,13.0,1.0,300.0,EO,2000-03-09,21,sub-155/ses-02/eeg/sub-155_ses-02_task-rest_eeg.vhdr,sub-155/ses-02/eeg/sub-155_ses-02_task-rest_eeg.eeg,sub-155/ses-02/eeg/sub-155_ses-02_task-rest_eeg.vmrk,500,Pz,63,continuous,sub-155_ses-02_task-rest_eeg.eeg,63,2000.0,IEEE_FLOAT_32,500.0,500.0,63,133.38,True,,True,True,,72.12583187065344,-0.026118902973501012,91.47458684894994,91.47454988006007,-0.026118902973501012,0.44646248085318446,0.28707147632606533,66690.0,63.0,500.0
sub-155,ses-03,PD,1,M,,77.0,23.0,79.0,,,,,EO,2002-12-19,1036,sub-155/ses-03/eeg/sub-155_ses-03_task-rest_eeg.vhdr,sub-155/ses-03/eeg/sub-155_ses-03_task-rest_eeg.eeg,sub-155/ses-03/eeg/sub-155_ses-03_task-rest_eeg.vmrk,25000,Pz,63,continuous,sub-155_ses-03_task-rest_eeg.eeg,64,40.0,IEEE_FLOAT_32,25000.0,25000.0,64,181.18,True,,True,True,,103.76710906951337,2.5212753220100677,155.59756651240997,155.5975433980792,2.5212753220100677,0.21159457052683955,0.19443280470826962,348424.0,63.0,1923.076923076923
sub-155,ses-04,PD,1,M,,77.0,23.0,82.0,,,,,EO,2005-02-24,1834,sub-155/ses-04/eeg/sub-155_ses-04_task-rest_eeg.vhdr,sub-155/ses-04/eeg/sub-155_ses-04_task-rest_eeg.eeg,sub-155/ses-04/eeg/sub-155_ses-04_task-rest_eeg.vmrk,500,Pz,63,continuous,sub-155_ses-04_task-rest_eeg.eeg,64,2000.0,IEEE_FLOAT_32,500.0,500.0,64,303.9,True,,True,True,,93.34920391151846,0.7859376820992345,130.386377205791,130.38637226234152,0.7859376820992345,0.20545097961859893,0.08703335262381615,151950.0,63.0,500.0
sub-156,ses-01,PD,1,F,,65.0,13.0,65.0,29.0,31.0,3.87,450.0,EO,2008-07-03,0,sub-156/ses-01/eeg/sub-156_ses-01_task-rest_eeg.vhdr,sub-156/ses-01/eeg/sub-156_ses-01_task-rest_eeg.eeg,sub-156/ses-01/eeg/sub-156_ses-01_task-rest_eeg.vmrk,500,Pz,63,continuous,sub-156_ses-01_task-rest_eeg.eeg,63,2000.0,IEEE_FLOAT_32,500.0,500.0,63,122.64,True,,True,True,,192.01236447399054,2.7572264867773963,281.74348808732634,281.7433069746218,2.7572264867773963,0.03833963878332404,0.13650685185532213,61320.0,63.0,500.0
sub-156,ses-02,PD,1,F,,65.0,13.0,67.0,,,,,EO,2011-06-01,1063,sub-156/ses-02/eeg/sub-156_ses-02_task-rest_eeg.vhdr,sub-156/ses-02/eeg/sub-156_ses-02_task-rest_eeg.eeg,sub-156/ses-02/eeg/sub-156_ses-02_task-rest_eeg.vmrk,25000,Pz,63,continuous,sub-156_ses-02_task-rest_eeg.eeg,64,40.0,IEEE_FLOAT_32,25000.0,25000.0,64,182.58,True,,True,True,,44.17707032675154,2.138392384472759,63.96552527447656,63.96545472584852,2.138392384472759,0.11555173882185055,0.32410916727258327,351116.0,63.0,1923.076923076923
sub-156,ses-03,PD,1,F,,65.0,13.0,71.0,,,,,EO,2015-02-18,2421,sub-156/ses-03/eeg/sub-156_ses-03_task-rest_eeg.vhdr,sub-156/ses-03/eeg/sub-156_ses-03_task-rest_eeg.eeg,sub-156/ses-03/eeg/sub-156_ses-03_task-rest_eeg.vmrk,500,Pz,63,continuous,sub-156_ses-03_task-rest_eeg.eeg,64,2000.0,IEEE_FLOAT_32,500.0,500.0,64,310.58,True,,True,True,,71.94244460216163,3.5643439774150787,125.76233198198366,125.76232592069488,3.5643439774150787,0.07256045593559668,0.16762710293566685,155290.0,63.0,500.0
sub-157,ses-01,PD,1,F,,83.0,16.0,83.0,26.0,21.0,9.89,600.0,EO,2003-01-07,0,sub-157/ses-01/eeg/sub-157_ses-01_task-rest_eeg.vhdr,sub-157/ses-01/eeg/sub-157_ses-01_task-rest_eeg.eeg,sub-157/ses-01/eeg/sub-157_ses-01_task-rest_eeg.vmrk,500,Pz,63,continuous,sub-157_ses-01_task-rest_eeg.eeg,63,2000.0,IEEE_FLOAT_32,500.0,500.0,63,203.82,True,,True,True,,135.29136661748126,2.186976409656281,195.2766884103658,195.27663864257426,2.186976409656281,0.1413735802176969,0.1187704886743747,101910.0,63.0,500.0
sub-157,ses-02,PD,1,F,,83.0,16.0,85.0,29.0,2.0,2.0,600.0,EO,2004-05-26,505,sub-157/ses-02/eeg/sub-157_ses-02_task-rest_eeg.vhdr,sub-157/ses-02/eeg/sub-157_ses-02_task-rest_eeg.eeg,sub-157/ses-02/eeg/sub-157_ses-02_task-rest_eeg.vmrk,500,Pz,63,continuous,sub-157_ses-02_task-rest_eeg.eeg,64,2000.0,IEEE_FLOAT_32,500.0,500.0,64,143.12,True,,True,True,,123.3050589552037,3.1578201266530668,168.79829054091053,168.7982367887664,3.1578201266530668,0.19271837618252874,0.1723645627850221,71560.0,64.0,500.0
sub-158,ses-01,PD,1,M,,73.0,16.0,73.0,25.0,23.0,6.06,550.0,EO,2012-10-22,0,sub-158/ses-01/eeg/sub-158_ses-01_task-rest_eeg.vhdr,sub-158/ses-01/eeg/sub-158_ses-01_task-rest_eeg.eeg,sub-158/ses-01/eeg/sub-158_ses-01_task-rest_eeg.vmrk,500,Pz,63,continuous,sub-158_ses-01_task-rest_eeg.eeg,63,2000.0,IEEE_FLOAT_32,500.0,500.0,63,122.16,True,,True,True,,159.49392436687177,0.11434847554261537,206.83769877690864,206.83757921847877,0.11434847554261537,0.2582048319233537,0.08685432597066073,61080.0,63.0,500.0
sub-159,ses-01,PD,1,M,,68.0,16.0,68.0,22.0,25.0,6.13,840.0,EO,2006-07-26,0,sub-159/ses-01/eeg/sub-159_ses-01_task-rest_eeg.vhdr,sub-159/ses-01/eeg/sub-159_ses-01_task-rest_eeg.eeg,sub-159/ses-01/eeg/sub-159_ses-01_task-rest_eeg.vmrk,500,Pz,63,continuous,sub-159_ses-01_task-rest_eeg.eeg,63,2000.0,IEEE_FLOAT_32,500.0,500.0,63,127.04,True,,True,True,,118.59352852122859,0.8006960085691167,156.51892760121441,156.51886837722827,0.8006960085691167,0.1673123229216405,0.180601306344969,63520.0,63.0,500.0
sub-16,ses-01,Control,0,F,White,74.0,16.0,74.0,26.0,,,,EO,2006-11-09,0,sub-16/ses-01/eeg/sub-16_ses-01_task-rest_eeg.vhdr,sub-16/ses-01/eeg/sub-16_ses-01_task-rest_eeg.eeg,sub-16/ses-01/eeg/sub-16_ses-01_task-rest_eeg.vmrk,500,Pz,63,continuous,sub-16_ses-01_task-rest_eeg.eeg,63,2000.0,IEEE_FLOAT_32,500.0,500.0,63,185.96,True,,True,True,,3353.681798958578,-3.779621833027345,4770.489292177083,4770.489217902498,-3.779621833027345,0.09683213401240186,0.1217190804589731,92980.0,63.0,500.0
sub-160,ses-01,PD,1,M,,62.0,12.0,62.0,24.0,10.0,0.79,300.0,EO,2008-09-21,0,sub-160/ses-01/eeg/sub-160_ses-01_task-rest_eeg.vhdr,sub-160/ses-01/eeg/sub-160_ses-01_task-rest_eeg.eeg,sub-160/ses-01/eeg/sub-160_ses-01_task-rest_eeg.vmrk,500,Pz,63,continuous,sub-160_ses-01_task-rest_eeg.eeg,63,2000.0,IEEE_FLOAT_32,500.0,500.0,63,132.72,True,,True,True,,112.2100290888212,0.16982258166147676,143.6909293391258,143.6907828848183,0.16982258166147676,0.34563569708183856,0.26023930378958576,66360.0,63.0,500.0
sub-160,ses-02,PD,1,M,,62.0,12.0,62.0,27.0,5.0,1.0,300.0,EO,2009-11-10,415,sub-160/ses-02/eeg/sub-160_ses-02_task-rest_eeg.vhdr,sub-160/ses-02/eeg/sub-160_ses-02_task-rest_eeg.eeg,sub-160/ses-02/eeg/sub-160_ses-02_task-rest_eeg.vmrk,500,Pz,63,continuous,sub-160_ses-02_task-rest_eeg.eeg,64,2000.0,IEEE_FLOAT_32,500.0,500.0,64,121.6,True,,True,True,,99.31131590285952,0.16368564273265154,127.82962899915654,127.82956034045858,0.16368564273265154,0.24207917676667093,0.2685524122728494,60800.0,64.0,500.0
sub-161,ses-01,PD,1,M,,70.0,12.0,70.0,25.0,3.0,0.31,0.0,EO,2015-07-27,0,sub-161/ses-01/eeg/sub-161_ses-01_task-rest_eeg.vhdr,sub-161/ses-01/eeg/sub-161_ses-01_task-rest_eeg.eeg,sub-161/ses-01/eeg/sub-161_ses-01_task-rest_eeg.vmrk,500,Pz,63,continuous,sub-161_ses-01_task-rest_eeg.eeg,63,2000.0,IEEE_FLOAT_32,500.0,500.0,63,121.8,True,,True,True,,104.33978128384955,-0.5569435857197693,153.18789267752197,153.18782223352184,-0.5569435857197693,0.2656904940908225,0.17738326805835275,60900.0,63.0,500.0
sub-162,ses-01,PD,1,F,,55.0,12.0,55.0,22.0,21.0,8.49,998.0,EO,2016-07-13,0,sub-162/ses-01/eeg/sub-162_ses-01_task-rest_eeg.vhdr,sub-162/ses-01/eeg/sub-162_ses-01_task-rest_eeg.eeg,sub-162/ses-01/eeg/sub-162_ses-01_task-rest_eeg.vmrk,500,Pz,63,continuous,sub-162_ses-01_task-rest_eeg.eeg,63,2000.0,IEEE_FLOAT_32,500.0,500.0,63,125.88,True,,True,True,,164.3295114570542,2.11697525656049,236.61727178851666,236.6172109276261,2.11697525656049,0.08972291078567828,0.07464460410641471,62940.0,63.0,500.0
sub-163,ses-01,PD,1,M,,73.0,20.0,73.0,22.0,20.0,0.62,300.0,EO,2004-07-10,0,sub-163/ses-01/eeg/sub-163_ses-01_task-rest_eeg.vhdr,sub-163/ses-01/eeg/sub-163_ses-01_task-rest_eeg.eeg,sub-163/ses-01/eeg/sub-163_ses-01_task-rest_eeg.vmrk,500,Pz,63,continuous,sub-163_ses-01_task-rest_eeg.eeg,63,2000.0,IEEE_FLOAT_32,500.0,500.0,63,122.74,True,,True,True,,112.99385280546034,1.7447181020560294,152.54918653663069,152.54914596502198,1.7447181020560294,0.07644455326824598,0.06879926202779743,61370.0,63.0,500.0
sub-164,ses-01,PD,1,F,,52.0,18.0,52.0,30.0,15.0,1.49,300.0,EO,2005-05-06,0,sub-164/ses-01/eeg/sub-164_ses-01_task-rest_eeg.vhdr,sub-164/ses-01/eeg/sub-164_ses-01_task-rest_eeg.eeg,sub-164/ses-01/eeg/sub-164_ses-01_task-rest_eeg.vmrk,500,Pz,63,continuous,sub-164_ses-01_task-rest_eeg.eeg,64,2000.0,IEEE_FLOAT_32,500.0,500.0,64,134.64,True,,True,True,,66.44505753544749,8.282386304286327,112.92642360618146,112.92640289970953,8.282386304286327,0.1072557747959604,0.13645521570855818,67320.0,64.0,500.0
sub-164,ses-02,PD,1,F,,52.0,18.0,55.0,,,,,EO,2008-08-15,1197,sub-164/ses-02/eeg/sub-164_ses-02_task-rest_eeg.vhdr,sub-164/ses-02/eeg/sub-164_ses-02_task-rest_eeg.eeg,sub-164/ses-02/eeg/sub-164_ses-02_task-rest_eeg.vmrk,500,Pz,63,continuous,sub-164_ses-02_task-rest_eeg.eeg,64,2000.0,IEEE_FLOAT_32,500.0,500.0,64,301.84,True,,True,True,,64.34613641192944,1.845772429024341,107.96952666338416,107.96945541438771,1.845772429024341,0.04856566793436917,0.09415847079356335,150920.0,63.0,500.0
sub-165,ses-01,PD,1,F,,74.0,20.0,74.0,24.0,19.0,10.7,800.0,EO,2017-10-07,0,sub-165/ses-01/eeg/sub-165_ses-01_task-rest_eeg.vhdr,sub-165/ses-01/eeg/sub-165_ses-01_task-rest_eeg.eeg,sub-165/ses-01/eeg/sub-165_ses-01_task-rest_eeg.vmrk,500,Pz,63,continuous,sub-165_ses-01_task-rest_eeg.eeg,64,2000.0,IEEE_FLOAT_32,500.0,500.0,64,126.42,True,,True,True,,80.96125816961228,-10.137917562854025,129.66261083480686,129.6623351707802,-10.137917562854025,0.2096474878879226,0.1949441690255524,63210.0,64.0,500.0
sub-166,ses-01,PD,1,F,,75.0,12.0,75.0,27.0,4.0,6.19,250.0,EO,2008-11-13,0,sub-166/ses-01/eeg/sub-166_ses-01_task-rest_eeg.vhdr,sub-166/ses-01/eeg/sub-166_ses-01_task-rest_eeg.eeg,sub-166/ses-01/eeg/sub-166_ses-01_task-rest_eeg.vmrk,500,Pz,63,continuous,sub-166_ses-01_task-rest_eeg.eeg,64,2000.0,IEEE_FLOAT_32,500.0,500.0,64,155.56,True,,True,True,,52.698391648729576,5.273438297314188,76.05118942760485,76.05116181206246,5.273438297314188,0.09539228761793303,0.17827743976223176,77780.0,64.0,500.0
sub-167,ses-01,PD,1,M,,56.0,11.0,56.0,28.0,17.0,3.9,450.0,EO,2020-11-17,0,sub-167/ses-01/eeg/sub-167_ses-01_task-rest_eeg.vhdr,sub-167/ses-01/eeg/sub-167_ses-01_task-rest_eeg.eeg,sub-167/ses-01/eeg/sub-167_ses-01_task-rest_eeg.vmrk,500,Pz,63,continuous,sub-167_ses-01_task-rest_eeg.eeg,64,2000.0,IEEE_FLOAT_32,500.0,500.0,64,138.72,True,,True,True,,72.16778947435209,0.6782850633153199,96.64383377291614,96.64378909756805,0.6782850633153199,0.07120445636435718,0.18138840389030125,69360.0,64.0,500.0
sub-168,ses-01,PD,1,M,,55.0,18.0,55.0,30.0,17.0,4.54,690.0,EO,2015-08-02,0,sub-168/ses-01/eeg/sub-168_ses-01_task-rest_eeg.vhdr,sub-168/ses-01/eeg/sub-168_ses-01_task-rest_eeg.eeg,sub-168/ses-01/eeg/sub-168_ses-01_task-rest_eeg.vmrk,500,Pz,63,continuous,sub-168_ses-01_task-rest_eeg.eeg,63,2000.0,IEEE_FLOAT_32,500.0,500.0,63,146.02,True,,True,True,,79.6460512666436,0.6970407130766072,106.99087909535021,106.99086197491698,0.6970407130766072,0.255448372094815,0.2491085976837554,73010.0,63.0,500.0
sub-168,ses-02,PD,1,M,,55.0,18.0,54.0,28.0,5.0,4.0,690.0,EO,2015-08-06,4,sub-168/ses-02/eeg/sub-168_ses-02_task-rest_eeg.vhdr,sub-168/ses-02/eeg/sub-168_ses-02_task-rest_eeg.eeg,sub-168/ses-02/eeg/sub-168_ses-02_task-rest_eeg.vmrk,500,Pz,63,continuous,sub-168_ses-02_task-rest_eeg.eeg,63,2000.0,IEEE_FLOAT_32,500.0,500.0,63,139.58,True,,True,True,,83.11121448597497,0.14582031403604032,106.69128244639228,106.69124016925123,0.14582031403604032,0.2910675747852475,0.25907323513323577,69790.0,63.0,500.0
sub-168,ses-03,PD,1,M,,55.0,18.0,56.0,,,,,EO,2016-11-14,470,sub-168/ses-03/eeg/sub-168_ses-03_task-rest_eeg.vhdr,sub-168/ses-03/eeg/sub-168_ses-03_task-rest_eeg.eeg,sub-168/ses-03/eeg/sub-168_ses-03_task-rest_eeg.vmrk,25000,Pz,63,continuous,sub-168_ses-03_task-rest_eeg.eeg,64,40.0,IEEE_FLOAT_32,25000.0,25000.0,64,183.78,True,,True,True,,86.81021812233686,0.28376319779708004,115.28885438476898,115.28883322652854,0.28376319779708004,0.28064316668968814,0.253265632217332,353424.0,63.0,1923.076923076923
sub-168,ses-04,PD,1,M,,55.0,18.0,57.0,,,,,EO,2018-03-22,963,sub-168/ses-04/eeg/sub-168_ses-04_task-rest_eeg.vhdr,sub-168/ses-04/eeg/sub-168_ses-04_task-rest_eeg.eeg,sub-168/ses-04/eeg/sub-168_ses-04_task-rest_eeg.vmrk,500,Pz,63,continuous,sub-168_ses-04_task-rest_eeg.eeg,64,2000.0,IEEE_FLOAT_32,500.0,500.0,64,303.28,True,,True,True,,68.13287112940118,0.3286499175291131,93.08514231738836,93.08513357175353,0.3286499175291131,0.2093758497802983,0.23037029749456484,151640.0,63.0,500.0
sub-169,ses-01,PD,1,M,,72.0,16.0,72.0,24.0,6.0,1.41,300.0,EO,2007-03-18,0,sub-169/ses-01/eeg/sub-169_ses-01_task-rest_eeg.vhdr,sub-169/ses-01/eeg/sub-169_ses-01_task-rest_eeg.eeg,sub-169/ses-01/eeg/sub-169_ses-01_task-rest_eeg.vmrk,500,Pz,63,continuous,sub-169_ses-01_task-rest_eeg.eeg,63,2000.0,IEEE_FLOAT_32,500.0,500.0,63,136.5,True,,True,True,,68.21587275657438,0.13439283210025565,88.64563124523004,88.6455464547693,0.13439283210025565,0.22328739021965424,0.2466048874545509,68250.0,63.0,500.0
sub-17,ses-01,Control,0,F,White,79.6,20.0,79.6,22.0,,,,EO,2005-01-26,0,sub-17/ses-01/eeg/sub-17_ses-01_task-rest_eeg.vhdr,sub-17/ses-01/eeg/sub-17_ses-01_task-rest_eeg.eeg,sub-17/ses-01/eeg/sub-17_ses-01_task-rest_eeg.vmrk,500,Pz,63,continuous,sub-17_ses-01_task-rest_eeg.eeg,63,2000.0,IEEE_FLOAT_32,500.0,500.0,63,186.18,True,,True,True,,128.45812777353996,1.9914883918053436,225.5333800541054,225.53335326447677,1.9914883918053436,0.20489154741382654,0.1045263115287668,93090.0,63.0,500.0
sub-170,ses-01,PD,1,M,,58.0,18.0,58.0,22.0,13.0,3.69,451.0,EO,2007-11-26,0,sub-170/ses-01/eeg/sub-170_ses-01_task-rest_eeg.vhdr,sub-170/ses-01/eeg/sub-170_ses-01_task-rest_eeg.eeg,sub-170/ses-01/eeg/sub-170_ses-01_task-rest_eeg.vmrk,500,Pz,63,continuous,sub-170_ses-01_task-rest_eeg.eeg,63,2000.0,IEEE_FLOAT_32,500.0,500.0,63,123.72,True,,True,True,,127.24678145525912,0.02078362168658406,162.89348523428558,162.89344218170365,0.02078362168658406,0.10371924637914945,0.0658060374044569,61860.0,63.0,500.0
sub-171,ses-01,PD,1,M,,67.0,18.0,67.0,28.0,5.0,0.28,300.0,EO,2013-10-17,0,sub-171/ses-01/eeg/sub-171_ses-01_task-rest_eeg.vhdr,sub-171/ses-01/eeg/sub-171_ses-01_task-rest_eeg.eeg,sub-171/ses-01/eeg/sub-171_ses-01_task-rest_eeg.vmrk,500,Pz,63,continuous,sub-171_ses-01_task-rest_eeg.eeg,63,2000.0,IEEE_FLOAT_32,500.0,500.0,63,147.9,True,,True,True,,42.0959000684406,1.9157166702300565,61.562647323360856,61.562631229886115,1.9157166702300565,0.12736776732550845,0.286249097076111,73950.0,63.0,500.0
sub-172,ses-01,PD,1,F,,65.0,16.0,65.0,26.0,4.0,0.7,600.0,EO,2010-07-31,0,sub-172/ses-01/eeg/sub-172_ses-01_task-rest_eeg.vhdr,sub-172/ses-01/eeg/sub-172_ses-01_task-rest_eeg.eeg,sub-172/ses-01/eeg/sub-172_ses-01_task-rest_eeg.vmrk,500,Pz,63,continuous,sub-172_ses-01_task-rest_eeg.eeg,63,2000.0,IEEE_FLOAT_32,500.0,500.0,63,132.72,True,,True,True,,103.21653646284216,0.7262397196542941,140.23053241961972,140.23048134473657,0.7262397196542941,0.20727799903170047,0.2002855074182105,66360.0,63.0,500.0
sub-172,ses-02,PD,1,F,,65.0,16.0,66.0,,,,,EO,2011-10-04,430,sub-172/ses-02/eeg/sub-172_ses-02_task-rest_eeg.vhdr,sub-172/ses-02/eeg/sub-172_ses-02_task-rest_eeg.eeg,sub-172/ses-02/eeg/sub-172_ses-02_task-rest_eeg.vmrk,25000,Pz,63,continuous,sub-172_ses-02_task-rest_eeg.eeg,64,40.0,IEEE_FLOAT_32,25000.0,25000.0,64,199.64,True,,True,True,,164.13345598146012,2.980361592804014,231.63330286715063,231.63328277958988,2.980361592804014,0.18412407266244257,0.16672869496018766,356500.0,63.0,1785.7142857142858
sub-172,ses-03,PD,1,F,,65.0,16.0,68.0,,,,,EO,2012-12-15,868,sub-172/ses-03/eeg/sub-172_ses-03_task-rest_eeg.vhdr,sub-172/ses-03/eeg/sub-172_ses-03_task-rest_eeg.eeg,sub-172/ses-03/eeg/sub-172_ses-03_task-rest_eeg.vmrk,500,Pz,63,continuous,LEAD-PD_001_RestEyesOpen.eeg,64,2000.0,IEEE_FLOAT_32,500.0,500.0,64,,False,,True,False,eeg_not_local,,,,,,,,,,
sub-173,ses-01,PD,1,F,,65.0,18.0,65.0,28.0,4.0,2.26,1350.0,EO,2019-05-02,0,sub-173/ses-01/eeg/sub-173_ses-01_task-rest_eeg.vhdr,sub-173/ses-01/eeg/sub-173_ses-01_task-rest_eeg.eeg,sub-173/ses-01/eeg/sub-173_ses-01_task-rest_eeg.vmrk,500,Pz,63,continuous,sub-173_ses-01_task-rest_eeg.eeg,63,2000.0,IEEE_FLOAT_32,500.0,500.0,63,123.36,True,,True,True,,146.88670083437697,0.5942883933584142,223.17641091736922,223.17627716201702,0.5942883933584142,0.25799681060988894,0.13417064219733602,61680.0,63.0,500.0
sub-174,ses-01,PD,1,M,,59.0,18.0,59.0,24.0,8.0,1.78,1200.0,EO,2000-03-25,0,sub-174/ses-01/eeg/sub-174_ses-01_task-rest_eeg.vhdr,sub-174/ses-01/eeg/sub-174_ses-01_task-rest_eeg.eeg,sub-174/ses-01/eeg/sub-174_ses-01_task-rest_eeg.vmrk,500,Pz,63,continuous,sub-174_ses-01_task-rest_eeg.eeg,63,2000.0,IEEE_FLOAT_32,500.0,500.0,63,123.32,True,,True,True,,78.80648192998426,0.37118584244548236,105.79866721519592,105.79855649091265,0.37118584244548236,0.1393709262525096,0.15490027152871566,61660.0,63.0,500.0
sub-175,ses-01,PD,1,F,,69.0,16.0,69.0,27.0,5.0,0.84,300.0,EO,2013-12-16,0,sub-175/ses-01/eeg/sub-175_ses-01_task-rest_eeg.vhdr,sub-175/ses-01/eeg/sub-175_ses-01_task-rest_eeg.eeg,sub-175/ses-01/eeg/sub-175_ses-01_task-rest_eeg.vmrk,500,Pz,63,continuous,sub-175_ses-01_task-rest_eeg.eeg,63,2000.0,IEEE_FLOAT_32,500.0,500.0,63,199.02,True,,True,True,,123.52153663637054,-0.02491444967178493,161.0685651495076,161.06850715170148,-0.02491444967178493,0.45801167455613073,0.12139746890946361,99510.0,63.0,500.0
sub-176,ses-01,PD,1,F,,65.0,18.0,65.0,28.0,3.0,1.65,250.0,EO,2013-08-16,0,sub-176/ses-01/eeg/sub-176_ses-01_task-rest_eeg.vhdr,sub-176/ses-01/eeg/sub-176_ses-01_task-rest_eeg.eeg,sub-176/ses-01/eeg/sub-176_ses-01_task-rest_eeg.vmrk,500,Pz,63,continuous,sub-176_ses-01_task-rest_eeg.eeg,63,2000.0,IEEE_FLOAT_32,500.0,500.0,63,163.04,True,,True,True,,41.80205808990505,1.3271493536686636,56.431187720742145,56.43114274365235,1.3271493536686636,0.17876973775470442,0.3675517621817504,81520.0,63.0,500.0
sub-176,ses-02,PD,1,F,,65.0,18.0,65.0,,,,,EO,2014-11-14,455,sub-176/ses-02/eeg/sub-176_ses-02_task-rest_eeg.vhdr,sub-176/ses-02/eeg/sub-176_ses-02_task-rest_eeg.eeg,sub-176/ses-02/eeg/sub-176_ses-02_task-rest_eeg.vmrk,25000,Pz,63,continuous,sub-176_ses-02_task-rest_eeg.eeg,64,40.0,IEEE_FLOAT_32,25000.0,25000.0,64,184.5,True,,True,True,,71.54137015993105,-0.01110099821414299,92.41292937381073,92.41289010286468,-0.01110099821414299,0.24745678908804133,0.37164425219458797,354808.0,63.0,1923.076923076923
sub-176,ses-03,PD,1,F,,65.0,18.0,67.0,,,,,EO,2016-03-23,950,sub-176/ses-03/eeg/sub-176_ses-03_task-rest_eeg.vhdr,sub-176/ses-03/eeg/sub-176_ses-03_task-rest_eeg.eeg,sub-176/ses-03/eeg/sub-176_ses-03_task-rest_eeg.vmrk,500,Pz,63,continuous,sub-176_ses-03_task-rest_eeg.eeg,64,2000.0,IEEE_FLOAT_32,500.0,500.0,64,300.86,True,,True,True,,79.04588431079148,1.0278489425786472,105.87840480541071,105.87839951337035,1.0278489425786472,0.22836960659519534,0.3267804576033171,150430.0,63.0,500.0
sub-177,ses-01,PD,1,M,,72.0,18.0,72.0,26.0,12.0,11.92,800.0,EO,2002-08-26,0,sub-177/ses-01/eeg/sub-177_ses-01_task-rest_eeg.vhdr,sub-177/ses-01/eeg/sub-177_ses-01_task-rest_eeg.eeg,sub-177/ses-01/eeg/sub-177_ses-01_task-rest_eeg.vmrk,500,Pz,63,continuous,sub-177_ses-01_task-rest_eeg.eeg,63,2000.0,IEEE_FLOAT_32,500.0,500.0,63,180.74,True,,True,True,,91.81877884915929,-0.022094362250616863,120.82258464749101,120.8225506485621,-0.022094362250616863,0.46137335072276914,0.1612048529986475,90370.0,63.0,500.0
sub-177,ses-02,PD,1,M,,72.0,18.0,72.0,,,,,EO,2003-10-20,420,sub-177/ses-02/eeg/sub-177_ses-02_task-rest_eeg.vhdr,sub-177/ses-02/eeg/sub-177_ses-02_task-rest_eeg.eeg,sub-177/ses-02/eeg/sub-177_ses-02_task-rest_eeg.vmrk,25000,Pz,63,continuous,sub-177_ses-02_task-rest_eeg.eeg,64,40.0,IEEE_FLOAT_32,25000.0,25000.0,64,185.1,True,,True,True,,93.61800359574798,-0.013289090631761554,120.15830506720886,120.15826966939959,-0.013289090631761554,0.39402978708253616,0.22393996188630996,355962.0,63.0,1923.076923076923
sub-178,ses-01,PD,1,M,,61.0,16.0,61.0,26.0,5.0,0.86,250.0,EO,2007-04-11,0,sub-178/ses-01/eeg/sub-178_ses-01_task-rest_eeg.vhdr,sub-178/ses-01/eeg/sub-178_ses-01_task-rest_eeg.eeg,sub-178/ses-01/eeg/sub-178_ses-01_task-rest_eeg.vmrk,500,Pz,63,continuous,sub-178_ses-01_task-rest_eeg.eeg,63,2000.0,IEEE_FLOAT_32,500.0,500.0,63,121.08,True,,True,True,,96.15572679171612,1.5803230632598877,131.61451208335217,131.61445786488264,1.5803230632598877,0.2370087973213248,0.12728011713439535,60540.0,63.0,500.0
sub-179,ses-01,PD,1,F,,61.0,18.0,61.0,28.0,6.0,0.39,100.0,EO,2005-01-06,0,sub-179/ses-01/eeg/sub-179_ses-01_task-rest_eeg.vhdr,sub-179/ses-01/eeg/sub-179_ses-01_task-rest_eeg.eeg,sub-179/ses-01/eeg/sub-179_ses-01_task-rest_eeg.vmrk,500,Pz,63,continuous,sub-179_ses-01_task-rest_eeg.eeg,63,2000.0,IEEE_FLOAT_32,500.0,500.0,63,165.44,True,,True,True,,93.47470144831301,0.6575377242504009,134.67666908082117,134.67664786828323,0.6575377242504009,0.17216193597515494,0.19334613971186715,82720.0,63.0,500.0
sub-179,ses-02,PD,1,F,,61.0,18.0,61.0,,,,,EO,2006-01-30,389,sub-179/ses-02/eeg/sub-179_ses-02_task-rest_eeg.vhdr,sub-179/ses-02/eeg/sub-179_ses-02_task-rest_eeg.eeg,sub-179/ses-02/eeg/sub-179_ses-02_task-rest_eeg.vmrk,25000,Pz,63,continuous,sub-179_ses-02_task-rest_eeg.eeg,64,40.0,IEEE_FLOAT_32,25000.0,25000.0,64,182.34,True,,True,True,,119.03285613503702,1.6682591782502978,172.48873302243655,172.4886857527968,1.6682591782502978,0.12681119767997986,0.20267278796186042,350654.0,63.0,1923.076923076923
sub-179,ses-03,PD,1,F,,61.0,18.0,63.0,,,,,EO,2007-05-17,861,sub-179/ses-03/eeg/sub-179_ses-03_task-rest_eeg.vhdr,sub-179/ses-03/eeg/sub-179_ses-03_task-rest_eeg.eeg,sub-179/ses-03/eeg/sub-179_ses-03_task-rest_eeg.vmrk,500,Pz,63,continuous,sub-179_ses-03_task-rest_eeg.eeg,64,2000.0,IEEE_FLOAT_32,500.0,500.0,64,324.24,True,,True,True,,96.0639909119107,0.24774278895045815,128.8724629221087,128.8724513731643,0.24774278895045815,0.21408461506012588,0.22663959210690626,162120.0,63.0,500.0
sub-18,ses-01,Control,0,F,Asian,67.6,20.0,67.6,29.0,,,,EO,2009-05-14,0,sub-18/ses-01/eeg/sub-18_ses-01_task-rest_eeg.vhdr,sub-18/ses-01/eeg/sub-18_ses-01_task-rest_eeg.eeg,sub-18/ses-01/eeg/sub-18_ses-01_task-rest_eeg.vmrk,500,Pz,63,continuous,sub-18_ses-01_task-rest_eeg.eeg,63,2000.0,IEEE_FLOAT_32,500.0,500.0,63,209.58,True,,True,True,,2681.24503636849,2.1394677029436218,4334.960807623055,4334.958760082462,2.1394677029436218,0.08806476987079954,0.08613954942153525,104790.0,63.0,500.0
sub-180,ses-01,PD,1,M,,77.0,18.0,77.0,24.0,4.0,1.18,0.0,EO,2006-05-11,0,sub-180/ses-01/eeg/sub-180_ses-01_task-rest_eeg.vhdr,sub-180/ses-01/eeg/sub-180_ses-01_task-rest_eeg.eeg,sub-180/ses-01/eeg/sub-180_ses-01_task-rest_eeg.vmrk,500,Pz,63,continuous,sub-180_ses-01_task-rest_eeg.eeg,63,2000.0,IEEE_FLOAT_32,500.0,500.0,63,176.26,True,,True,True,,121.74082797965922,7.607779996155638,171.28303301835047,171.28301228880227,7.607779996155638,0.27013251902040963,0.28646288525000435,88130.0,63.0,500.0
sub-181,ses-01,PD,1,M,,69.0,16.0,69.0,24.0,5.0,6.28,600.0,EO,2015-08-29,0,sub-181/ses-01/eeg/sub-181_ses-01_task-rest_eeg.vhdr,sub-181/ses-01/eeg/sub-181_ses-01_task-rest_eeg.eeg,sub-181/ses-01/eeg/sub-181_ses-01_task-rest_eeg.vmrk,500,Pz,63,continuous,sub-181_ses-01_task-rest_eeg.eeg,63,2000.0,IEEE_FLOAT_32,500.0,500.0,63,139.34,True,,True,True,,112.40187667901391,0.9073858707140897,147.76182377477215,147.76180748477162,0.9073858707140897,0.42368252530319367,0.22606622234208387,69670.0,63.0,500.0
sub-181,ses-02,PD,1,M,,69.0,16.0,69.0,,,,,EO,2016-10-17,415,sub-181/ses-02/eeg/sub-181_ses-02_task-rest_eeg.vhdr,sub-181/ses-02/eeg/sub-181_ses-02_task-rest_eeg.eeg,sub-181/ses-02/eeg/sub-181_ses-02_task-rest_eeg.vmrk,25000,Pz,63,continuous,sub-181_ses-02_task-rest_eeg.eeg,64,40.0,IEEE_FLOAT_32,25000.0,25000.0,64,184.86,True,,True,True,,117.85813522328709,0.7529753498897666,155.00625358772226,155.00620196248383,0.7529753498897666,0.4365670440772362,0.22815308662909672,355500.0,63.0,1923.076923076923
sub-181,ses-03,PD,1,M,,69.0,16.0,71.0,,,,,EO,2018-03-07,921,sub-181/ses-03/eeg/sub-181_ses-03_task-rest_eeg.vhdr,sub-181/ses-03/eeg/sub-181_ses-03_task-rest_eeg.eeg,sub-181/ses-03/eeg/sub-181_ses-03_task-rest_eeg.vmrk,500,Pz,63,continuous,sub-181_ses-03_task-rest_eeg.eeg,64,2000.0,IEEE_FLOAT_32,500.0,500.0,64,301.06,True,,True,True,,148.64640700213977,1.3991193944435583,199.0058226204361,199.0057976976072,1.3991193944435583,0.2933456646576031,0.23990170116272083,150530.0,63.0,500.0
sub-182,ses-01,PD,1,M,,75.0,22.0,75.0,24.0,17.0,5.3,450.0,EO,2005-02-24,0,sub-182/ses-01/eeg/sub-182_ses-01_task-rest_eeg.vhdr,sub-182/ses-01/eeg/sub-182_ses-01_task-rest_eeg.eeg,sub-182/ses-01/eeg/sub-182_ses-01_task-rest_eeg.vmrk,500,Pz,63,continuous,sub-182_ses-01_task-rest_eeg.eeg,63,2000.0,IEEE_FLOAT_32,500.0,500.0,63,121.64,True,,True,True,,49.1500205129039,0.25460875739286937,64.9172194581265,64.91713892559939,0.25460875739286937,0.13777612759592772,0.2929577082218601,60820.0,63.0,500.0
sub-183,ses-01,PD,1,M,,70.0,13.0,70.0,22.0,11.0,5.56,737.0,EO,2002-06-17,0,sub-183/ses-01/eeg/sub-183_ses-01_task-rest_eeg.vhdr,sub-183/ses-01/eeg/sub-183_ses-01_task-rest_eeg.eeg,sub-183/ses-01/eeg/sub-183_ses-01_task-rest_eeg.vmrk,500,Pz,63,continuous,sub-183_ses-01_task-rest_eeg.eeg,63,2000.0,IEEE_FLOAT_32,500.0,500.0,63,124.78,True,,True,True,,60.914063279723585,-30.33090149967316,82.39870686103218,82.39861919656852,-30.33090149967316,0.24070791672177572,0.15658989320980607,62390.0,63.0,500.0
sub-184,ses-01,PD,1,M,,80.0,12.0,80.0,19.0,28.0,3.0,1450.0,EO,2014-12-03,0,sub-184/ses-01/eeg/sub-184_ses-01_task-rest_eeg.vhdr,sub-184/ses-01/eeg/sub-184_ses-01_task-rest_eeg.eeg,sub-184/ses-01/eeg/sub-184_ses-01_task-rest_eeg.vmrk,500,Pz,63,continuous,sub-184_ses-01_task-rest_eeg.eeg,63,2000.0,IEEE_FLOAT_32,500.0,500.0,63,281.66,True,,True,True,,165.1881799831857,0.19089709403984764,211.66337656044954,211.6633242075736,0.19089709403984764,0.10039750263157897,0.3301264998241071,140830.0,63.0,500.0
sub-184,ses-02,PD,1,M,,80.0,12.0,87.0,,,,,EO,2022-08-16,2813,sub-184/ses-02/eeg/sub-184_ses-02_task-rest_eeg.vhdr,sub-184/ses-02/eeg/sub-184_ses-02_task-rest_eeg.eeg,sub-184/ses-02/eeg/sub-184_ses-02_task-rest_eeg.vmrk,500,Pz,63,continuous,sub-184_ses-02_task-rest_eeg.eeg,64,2000.0,IEEE_FLOAT_32,500.0,500.0,64,301.7,True,,True,True,,86.66866071458055,0.28495413951995546,112.71871215133902,112.71869616182217,0.28495413951995546,0.12861157898342865,0.13698481262955495,150850.0,63.0,500.0
sub-185,ses-01,PD,1,M,,81.0,12.0,81.0,17.0,25.0,5.0,1675.0,EO,2004-02-03,0,sub-185/ses-01/eeg/sub-185_ses-01_task-rest_eeg.vhdr,sub-185/ses-01/eeg/sub-185_ses-01_task-rest_eeg.eeg,sub-185/ses-01/eeg/sub-185_ses-01_task-rest_eeg.vmrk,500,Pz,63,continuous,sub-185_ses-01_task-rest_eeg.eeg,63,2000.0,IEEE_FLOAT_32,500.0,500.0,63,326.04,True,,True,True,,128.5468876281031,-0.0468581507375972,162.86921864064038,162.86921043718212,-0.0468581507375972,0.09804763209131323,0.12658470043742245,163020.0,63.0,500.0
sub-186,ses-01,PD,1,F,,68.0,15.0,68.0,26.0,10.0,5.0,1050.0,EO,2010-01-02,0,sub-186/ses-01/eeg/sub-186_ses-01_task-rest_eeg.vhdr,sub-186/ses-01/eeg/sub-186_ses-01_task-rest_eeg.eeg,sub-186/ses-01/eeg/sub-186_ses-01_task-rest_eeg.vmrk,500,Pz,63,continuous,sub-186_ses-01_task-rest_eeg.eeg,63,2000.0,IEEE_FLOAT_32,500.0,500.0,63,252.36,True,,True,True,,188.54871902643376,0.4862321210575057,243.69287741514395,243.69286504274416,0.4862321210575057,0.2608081794702056,0.13904745874741012,126180.0,63.0,500.0
sub-187,ses-01,PD,1,M,,80.0,20.0,80.0,22.0,10.0,6.0,825.0,EO,2003-01-03,0,sub-187/ses-01/eeg/sub-187_ses-01_task-rest_eeg.vhdr,sub-187/ses-01/eeg/sub-187_ses-01_task-rest_eeg.eeg,sub-187/ses-01/eeg/sub-187_ses-01_task-rest_eeg.vmrk,500,Pz,63,continuous,sub-187_ses-01_task-rest_eeg.eeg,63,2000.0,IEEE_FLOAT_32,500.0,500.0,63,263.96,True,,True,True,,104.96380073029523,1.419685191338514,141.25076384897886,141.25075376945375,1.419685191338514,0.049426007818736704,0.03140020793059411,131980.0,63.0,500.0
sub-188,ses-01,PD,1,M,,56.0,14.0,56.0,21.0,13.0,5.0,1600.0,EO,2014-03-04,0,sub-188/ses-01/eeg/sub-188_ses-01_task-rest_eeg.vhdr,sub-188/ses-01/eeg/sub-188_ses-01_task-rest_eeg.eeg,sub-188/ses-01/eeg/sub-188_ses-01_task-rest_eeg.vmrk,500,Pz,63,continuous,sub-188_ses-01_task-rest_eeg.eeg,63,2000.0,IEEE_FLOAT_32,500.0,500.0,63,249.54,True,,True,True,,142.1601921812038,3.9807408899350363,213.12628263465456,213.1262753973314,3.9807408899350363,0.06090571078651171,0.23654961259168478,124770.0,63.0,500.0
sub-189,ses-01,PD,1,M,,69.0,18.0,69.0,29.0,10.0,4.0,950.0,EO,2016-04-23,0,sub-189/ses-01/eeg/sub-189_ses-01_task-rest_eeg.vhdr,sub-189/ses-01/eeg/sub-189_ses-01_task-rest_eeg.eeg,sub-189/ses-01/eeg/sub-189_ses-01_task-rest_eeg.vmrk,500,Pz,63,continuous,sub-189_ses-01_task-rest_eeg.eeg,63,2000.0,IEEE_FLOAT_32,500.0,500.0,63,262.06,True,,True,True,,124.4159704918059,-0.7358637647186344,174.26868679870563,174.26867802118025,-0.7358637647186344,0.35428861754174734,0.19580794028197399,131030.0,63.0,500.0
sub-19,ses-01,Control,0,M,White,66.8,20.0,66.8,24.0,,,,EO,2005-06-26,0,sub-19/ses-01/eeg/sub-19_ses-01_task-rest_eeg.vhdr,sub-19/ses-01/eeg/sub-19_ses-01_task-rest_eeg.eeg,sub-19/ses-01/eeg/sub-19_ses-01_task-rest_eeg.vmrk,500,Pz,63,continuous,sub-19_ses-01_task-rest_eeg.eeg,63,2000.0,IEEE_FLOAT_32,500.0,500.0,63,181.42,True,,True,True,,171.89834265232628,1.9479287592470986,229.42078921059428,229.41967018687026,1.9479287592470986,0.13964487802515224,0.15816663781544624,90710.0,63.0,500.0
sub-190,ses-01,PD,1,F,,66.0,16.0,66.0,28.0,11.0,7.0,1640.0,EO,2019-10-10,0,sub-190/ses-01/eeg/sub-190_ses-01_task-rest_eeg.vhdr,sub-190/ses-01/eeg/sub-190_ses-01_task-rest_eeg.eeg,sub-190/ses-01/eeg/sub-190_ses-01_task-rest_eeg.vmrk,500,Pz,63,continuous,sub-190_ses-01_task-rest_eeg.eeg,63,2000.0,IEEE_FLOAT_32,500.0,500.0,63,239.82,True,,True,True,,147.3905282857112,0.8498497670689926,196.34632601978421,196.34630097697521,0.8498497670689926,0.3179605234223434,0.17111298793059168,119910.0,63.0,500.0
sub-191,ses-01,PD,1,M,,65.0,12.0,65.0,20.0,15.0,6.0,2075.0,EO,2019-12-28,0,sub-191/ses-01/eeg/sub-191_ses-01_task-rest_eeg.vhdr,sub-191/ses-01/eeg/sub-191_ses-01_task-rest_eeg.eeg,sub-191/ses-01/eeg/sub-191_ses-01_task-rest_eeg.vmrk,500,Pz,63,continuous,sub-191_ses-01_task-rest_eeg.eeg,63,2000.0,IEEE_FLOAT_32,500.0,500.0,63,234.48,True,,True,True,,205.54010746854343,0.8467737778972011,289.64198638809154,289.6419633617567,0.8467737778972011,0.04333534713054973,0.06442087861419812,117240.0,63.0,500.0
sub-192,ses-01,PD,1,F,,53.0,14.0,53.0,18.0,16.0,4.0,500.0,EO,2000-11-08,0,sub-192/ses-01/eeg/sub-192_ses-01_task-rest_eeg.vhdr,sub-192/ses-01/eeg/sub-192_ses-01_task-rest_eeg.eeg,sub-192/ses-01/eeg/sub-192_ses-01_task-rest_eeg.vmrk,500,Pz,63,continuous,sub-192_ses-01_task-rest_eeg.eeg,63,2000.0,IEEE_FLOAT_32,500.0,500.0,63,248.16,True,,True,True,,147.21727221109745,2.5916466267574485,208.71288944558103,208.71288170508296,2.5916466267574485,0.16835457124692982,0.15708558470990086,124080.0,63.0,500.0
sub-193,ses-01,PD,1,M,,74.0,16.0,74.0,25.0,9.0,3.0,350.0,EO,2004-10-11,0,sub-193/ses-01/eeg/sub-193_ses-01_task-rest_eeg.vhdr,sub-193/ses-01/eeg/sub-193_ses-01_task-rest_eeg.eeg,sub-193/ses-01/eeg/sub-193_ses-01_task-rest_eeg.vmrk,500,Pz,63,continuous,sub-193_ses-01_task-rest_eeg.eeg,63,2000.0,IEEE_FLOAT_32,500.0,500.0,63,342.7,True,,True,True,,107.9839752716751,0.009896318513164313,137.82844445629465,137.82844288149684,0.009896318513164313,0.13195375646745175,0.11694780584078963,171350.0,63.0,500.0
sub-194,ses-01,PD,1,M,,70.0,19.0,70.0,25.0,15.0,10.0,980.0,EO,2020-05-09,0,sub-194/ses-01/eeg/sub-194_ses-01_task-rest_eeg.vhdr,sub-194/ses-01/eeg/sub-194_ses-01_task-rest_eeg.eeg,sub-194/ses-01/eeg/sub-194_ses-01_task-rest_eeg.vmrk,500,Pz,63,continuous,sub-194_ses-01_task-rest_eeg.eeg,63,2000.0,IEEE_FLOAT_32,500.0,500.0,63,156.12,True,,True,True,,136.0038975164296,0.686674086829384,181.4595360176463,181.45945398103274,0.686674086829384,0.17839445315434924,0.19215909220198452,78060.0,63.0,500.0
sub-194,ses-02,PD,1,M,,70.0,19.0,77.0,,,,,EO,2026-04-20,2172,sub-194/ses-02/eeg/sub-194_ses-02_task-rest_eeg.vhdr,sub-194/ses-02/eeg/sub-194_ses-02_task-rest_eeg.eeg,sub-194/ses-02/eeg/sub-194_ses-02_task-rest_eeg.vmrk,500,Pz,63,continuous,sub-194_ses-02_task-rest_eeg.eeg,64,2000.0,IEEE_FLOAT_32,500.0,500.0,64,301.88,True,,True,True,,103.43715843941283,0.19670122536508136,132.4129012387915,132.41287726110187,0.19670122536508136,0.13469781944733397,0.16184315367446012,150940.0,63.0,500.0
sub-195,ses-01,PD,1,M,,69.0,18.0,69.0,19.0,28.0,1.0,600.0,EO,2017-10-02,0,sub-195/ses-01/eeg/sub-195_ses-01_task-rest_eeg.vhdr,sub-195/ses-01/eeg/sub-195_ses-01_task-rest_eeg.eeg,sub-195/ses-01/eeg/sub-195_ses-01_task-rest_eeg.vmrk,500,Pz,63,continuous,sub-195_ses-01_task-rest_eeg.eeg,63,2000.0,IEEE_FLOAT_32,500.0,500.0,63,120.56,True,,True,True,,127.61813031187292,0.8223925136519101,170.38429980163696,170.38415282905723,0.8223925136519101,0.24499391058454528,0.20848469910044187,60280.0,63.0,500.0
sub-196,ses-01,PD,1,M,,78.0,12.0,78.0,16.0,20.0,10.0,1500.0,EO,2011-03-25,0,sub-196/ses-01/eeg/sub-196_ses-01_task-rest_eeg.vhdr,sub-196/ses-01/eeg/sub-196_ses-01_task-rest_eeg.eeg,sub-196/ses-01/eeg/sub-196_ses-01_task-rest_eeg.vmrk,500,Pz,63,continuous,sub-196_ses-01_task-rest_eeg.eeg,63,2000.0,IEEE_FLOAT_32,500.0,500.0,63,123.06,True,,True,True,,138.32135341247155,0.7461690377304717,179.09239483093046,179.0922569158412,0.7461690377304717,0.1514097509375704,0.18505494077958634,61530.0,63.0,500.0
sub-197,ses-01,PD,1,F,,70.0,20.0,70.0,25.0,9.0,2.0,600.0,EO,2011-07-07,0,sub-197/ses-01/eeg/sub-197_ses-01_task-rest_eeg.vhdr,sub-197/ses-01/eeg/sub-197_ses-01_task-rest_eeg.eeg,sub-197/ses-01/eeg/sub-197_ses-01_task-rest_eeg.vmrk,500,Pz,63,continuous,sub-197_ses-01_task-rest_eeg.eeg,63,2000.0,IEEE_FLOAT_32,500.0,500.0,63,125.6,True,,True,True,,208.74258105722748,2.379399237154703,285.73054804225967,285.72998812188075,2.379399237154703,0.19904974368569786,0.06154044397174367,62800.0,63.0,500.0
sub-198,ses-01,PD,1,M,,65.0,14.0,65.0,21.0,18.0,14.0,1900.0,EO,2013-07-28,0,sub-198/ses-01/eeg/sub-198_ses-01_task-rest_eeg.vhdr,sub-198/ses-01/eeg/sub-198_ses-01_task-rest_eeg.eeg,sub-198/ses-01/eeg/sub-198_ses-01_task-rest_eeg.vmrk,500,Pz,63,continuous,sub-198_ses-01_task-rest_eeg.eeg,63,2000.0,IEEE_FLOAT_32,500.0,500.0,63,120.82,True,,True,True,,92.17024565476005,0.6519619242738937,130.08821632698525,130.0881159226376,0.6519619242738937,0.11832897321877786,0.15392681427898897,60410.0,63.0,500.0
sub-199,ses-01,PD,1,M,,60.0,13.0,60.0,26.0,3.0,4.0,500.0,EO,2020-07-12,0,sub-199/ses-01/eeg/sub-199_ses-01_task-rest_eeg.vhdr,sub-199/ses-01/eeg/sub-199_ses-01_task-rest_eeg.eeg,sub-199/ses-01/eeg/sub-199_ses-01_task-rest_eeg.vmrk,500,Pz,63,continuous,sub-199_ses-01_task-rest_eeg.eeg,63,2000.0,IEEE_FLOAT_32,500.0,500.0,63,121.66,True,,True,True,,122.3411718602496,0.15787188106262362,161.3223413380996,161.32228623869187,0.15787188106262362,0.3062330464961981,0.3995747434202967,60830.0,63.0,500.0
sub-2,ses-01,Control,0,M,White,64.7,24.0,64.7,28.0,,,,EO,2013-09-27,0,sub-2/ses-01/eeg/sub-2_ses-01_task-rest_eeg.vhdr,sub-2/ses-01/eeg/sub-2_ses-01_task-rest_eeg.eeg,sub-2/ses-01/eeg/sub-2_ses-01_task-rest_eeg.vmrk,500,Pz,63,continuous,sub-2_ses-01_task-rest_eeg.eeg,63,2000.0,IEEE_FLOAT_32,500.0,500.0,63,180.98,True,,True,True,,56.28811864830616,3.4576431986860268,85.76518945223333,85.76517371825297,3.4576431986860268,0.17195554767393526,0.1653553641968811,90490.0,63.0,500.0
sub-2,ses-02,Control,0,M,White,64.7,24.0,67.0,,,,,EO,2016-04-18,934,sub-2/ses-02/eeg/sub-2_ses-02_task-rest_eeg.vhdr,sub-2/ses-02/eeg/sub-2_ses-02_task-rest_eeg.eeg,sub-2/ses-02/eeg/sub-2_ses-02_task-rest_eeg.vmrk,500,Pz,63,continuous,sub-2_ses-02_task-rest_eeg.eeg,64,2000.0,IEEE_FLOAT_32,500.0,500.0,64,306.28,True,,True,True,,61.44780448255424,2.1549350873433615,99.34674872588548,99.34673771219158,2.1549350873433615,0.09378915895530332,0.08402090023362473,153140.0,63.0,500.0
sub-20,ses-01,Control,0,F,White,66.5,19.0,66.5,29.0,,,,EO,2006-08-26,0,sub-20/ses-01/eeg/sub-20_ses-01_task-rest_eeg.vhdr,sub-20/ses-01/eeg/sub-20_ses-01_task-rest_eeg.eeg,sub-20/ses-01/eeg/sub-20_ses-01_task-rest_eeg.vmrk,500,Pz,63,continuous,sub-20_ses-01_task-rest_eeg.eeg,63,2000.0,IEEE_FLOAT_32,500.0,500.0,63,183.48,True,,True,True,,357.03062375893694,3.7378307541291464,555.8163884950784,555.8163704276554,3.7378307541291464,0.026640548202608087,0.062004457838655644,91740.0,63.0,500.0
sub-200,ses-01,PD,1,M,,56.0,12.0,56.0,26.0,15.0,3.0,1150.0,EO,2001-11-28,0,sub-200/ses-01/eeg/sub-200_ses-01_task-rest_eeg.vhdr,sub-200/ses-01/eeg/sub-200_ses-01_task-rest_eeg.eeg,sub-200/ses-01/eeg/sub-200_ses-01_task-rest_eeg.vmrk,500,Pz,63,continuous,sub-200_ses-01_task-rest_eeg.eeg,63,2000.0,IEEE_FLOAT_32,500.0,500.0,63,185.22,True,,True,True,,180.16305913763378,3.3834752002031916,270.99324553313113,270.993220591157,3.3834752002031916,0.1070260210830299,0.08288258454556456,92610.0,63.0,500.0
sub-201,ses-01,PD,1,M,,58.0,18.0,58.0,29.0,22.0,6.0,675.0,EO,2019-08-26,0,sub-201/ses-01/eeg/sub-201_ses-01_task-rest_eeg.vhdr,sub-201/ses-01/eeg/sub-201_ses-01_task-rest_eeg.eeg,sub-201/ses-01/eeg/sub-201_ses-01_task-rest_eeg.vmrk,500,Pz,63,continuous,sub-201_ses-01_task-rest_eeg.eeg,63,2000.0,IEEE_FLOAT_32,500.0,500.0,63,151.56,True,,True,True,,114.16257562327515,-0.0593039245604967,154.46466505678148,154.46461378425963,-0.0593039245604967,0.0712753524703728,0.2218318516995483,75780.0,63.0,500.0
sub-202,ses-01,PD,1,F,,74.0,18.0,74.0,25.0,27.0,5.0,350.0,EO,2004-08-12,0,sub-202/ses-01/eeg/sub-202_ses-01_task-rest_eeg.vhdr,sub-202/ses-01/eeg/sub-202_ses-01_task-rest_eeg.eeg,sub-202/ses-01/eeg/sub-202_ses-01_task-rest_eeg.vmrk,500,Pz,63,continuous,sub-202_ses-01_task-rest_eeg.eeg,63,2000.0,IEEE_FLOAT_32,500.0,500.0,63,186.08,True,,True,True,,149.70719346868864,0.24725547496497394,197.0178817509438,197.01785288324615,0.24725547496497394,0.21201960206062984,0.2605113507724316,93040.0,63.0,500.0
sub-203,ses-01,PD,1,F,,72.0,16.0,72.0,23.0,15.0,7.0,900.0,EO,2005-11-24,0,sub-203/ses-01/eeg/sub-203_ses-01_task-rest_eeg.vhdr,sub-203/ses-01/eeg/sub-203_ses-01_task-rest_eeg.eeg,sub-203/ses-01/eeg/sub-203_ses-01_task-rest_eeg.vmrk,500,Pz,63,continuous,sub-203_ses-01_task-rest_eeg.eeg,63,2000.0,IEEE_FLOAT_32,500.0,500.0,63,181.18,True,,True,True,,79.4139561694208,1.0538076525619462,105.88795325147028,105.8878647619285,1.0538076525619462,0.27294543773142993,0.11720384173266815,90590.0,63.0,500.0
sub-203,ses-02,PD,1,F,,72.0,16.0,78.0,,,,,EO,2012-09-11,2483,sub-203/ses-02/eeg/sub-203_ses-02_task-rest_eeg.vhdr,sub-203/ses-02/eeg/sub-203_ses-02_task-rest_eeg.eeg,sub-203/ses-02/eeg/sub-203_ses-02_task-rest_eeg.vmrk,500,Pz,63,continuous,sub-203_ses-02_task-rest_eeg.eeg,64,2000.0,IEEE_FLOAT_32,500.0,500.0,64,300.48,True,,True,True,,105.61904252100652,2.8385893378666056,149.8348119821296,149.83481006616645,2.8385893378666056,0.19376414556947172,0.11497552326224109,150240.0,63.0,500.0
sub-204,ses-01,PD,1,F,,61.0,18.0,61.0,27.0,12.0,6.0,550.0,EO,2017-02-15,0,sub-204/ses-01/eeg/sub-204_ses-01_task-rest_eeg.vhdr,sub-204/ses-01/eeg/sub-204_ses-01_task-rest_eeg.eeg,sub-204/ses-01/eeg/sub-204_ses-01_task-rest_eeg.vmrk,500,Pz,63,continuous,sub-204_ses-01_task-rest_eeg.eeg,63,2000.0,IEEE_FLOAT_32,500.0,500.0,63,159.34,True,,True,True,,68.47255280179365,2.2774003553844127,99.44457564013751,99.44456148302588,2.2774003553844127,0.10571531066921051,0.1715447042492642,79670.0,63.0,500.0
sub-205,ses-01,PD,1,F,,81.0,12.0,81.0,20.0,9.0,2.0,250.0,EO,2019-02-13,0,sub-205/ses-01/eeg/sub-205_ses-01_task-rest_eeg.vhdr,sub-205/ses-01/eeg/sub-205_ses-01_task-rest_eeg.eeg,sub-205/ses-01/eeg/sub-205_ses-01_task-rest_eeg.vmrk,500,Pz,63,continuous,sub-205_ses-01_task-rest_eeg.eeg,63,2000.0,IEEE_FLOAT_32,500.0,500.0,63,153.74,True,,True,True,,130.09278038336953,2.31920135590996,189.65772392507668,189.6575119632507,2.31920135590996,0.13212911880539913,0.2465973510648951,76870.0,63.0,500.0
sub-206,ses-01,PD,1,M,,57.0,12.0,57.0,23.0,21.0,5.0,1500.0,EO,2019-02-26,0,sub-206/ses-01/eeg/sub-206_ses-01_task-rest_eeg.vhdr,sub-206/ses-01/eeg/sub-206_ses-01_task-rest_eeg.eeg,sub-206/ses-01/eeg/sub-206_ses-01_task-rest_eeg.vmrk,500,Pz,63,continuous,sub-206_ses-01_task-rest_eeg.eeg,63,2000.0,IEEE_FLOAT_32,500.0,500.0,63,169.1,True,,True,True,,133.90857438236014,2.3839896300031875,177.87381757810445,177.8736417835625,2.3839896300031875,0.05707605574037722,0.2324709094724477,84550.0,63.0,500.0
sub-207,ses-01,PD,1,M,,52.0,19.0,52.0,26.0,1.0,2.0,450.0,EO,2020-09-27,0,sub-207/ses-01/eeg/sub-207_ses-01_task-rest_eeg.vhdr,sub-207/ses-01/eeg/sub-207_ses-01_task-rest_eeg.eeg,sub-207/ses-01/eeg/sub-207_ses-01_task-rest_eeg.vmrk,500,Pz,63,continuous,sub-207_ses-01_task-rest_eeg.eeg,63,2000.0,IEEE_FLOAT_32,500.0,500.0,63,151.3,True,,True,True,,61.98168600358389,-0.027963119945162044,79.04288340014722,79.04281279582496,-0.027963119945162044,0.4435988167871823,0.2540669679939343,75650.0,63.0,500.0
sub-208,ses-01,PD,1,M,,71.0,12.0,71.0,11.0,22.0,5.0,1000.0,EO,2007-03-06,0,sub-208/ses-01/eeg/sub-208_ses-01_task-rest_eeg.vhdr,sub-208/ses-01/eeg/sub-208_ses-01_task-rest_eeg.eeg,sub-208/ses-01/eeg/sub-208_ses-01_task-rest_eeg.vmrk,500,Pz,63,continuous,sub-208_ses-01_task-rest_eeg.eeg,63,2000.0,IEEE_FLOAT_32,500.0,500.0,63,163.9,True,,True,True,,127.6846878828793,-0.0062423540438791255,163.3244593373895,163.3244373175749,-0.0062423540438791255,0.13038870605224337,0.10157294826737463,81950.0,63.0,500.0
sub-209,ses-01,PD,1,F,,77.0,25.0,77.0,26.0,22.0,4.0,975.0,EO,2003-12-25,0,sub-209/ses-01/eeg/sub-209_ses-01_task-rest_eeg.vhdr,sub-209/ses-01/eeg/sub-209_ses-01_task-rest_eeg.eeg,sub-209/ses-01/eeg/sub-209_ses-01_task-rest_eeg.vmrk,500,Pz,63,continuous,sub-209_ses-01_task-rest_eeg.eeg,63,2000.0,IEEE_FLOAT_32,500.0,500.0,63,142.82,True,,True,True,,97.43603145928371,-0.03553622891049886,126.09154235893364,126.09120755922245,-0.03553622891049886,0.45427802269598216,0.2954614219308117,71410.0,63.0,500.0
sub-21,ses-01,Control,0,M,White,78.6,18.0,78.6,25.0,,,,EO,2014-03-16,0,sub-21/ses-01/eeg/sub-21_ses-01_task-rest_eeg.vhdr,sub-21/ses-01/eeg/sub-21_ses-01_task-rest_eeg.eeg,sub-21/ses-01/eeg/sub-21_ses-01_task-rest_eeg.vmrk,500,Pz,63,continuous,sub-21_ses-01_task-rest_eeg.eeg,63,2000.0,IEEE_FLOAT_32,500.0,500.0,63,186.78,True,,True,True,,167.59012104369452,1.4871451639623767,230.22591649699044,230.2243024722089,1.4871451639623767,0.2592269986649858,0.13202845817788164,93390.0,63.0,500.0
sub-210,ses-01,PD,1,F,,70.0,20.0,70.0,28.0,17.0,10.0,300.0,EO,2006-09-03,0,sub-210/ses-01/eeg/sub-210_ses-01_task-rest_eeg.vhdr,sub-210/ses-01/eeg/sub-210_ses-01_task-rest_eeg.eeg,sub-210/ses-01/eeg/sub-210_ses-01_task-rest_eeg.vmrk,500,Pz,63,continuous,sub-210_ses-01_task-rest_eeg.eeg,63,2000.0,IEEE_FLOAT_32,500.0,500.0,63,121.2,True,,True,True,,94.38477231026941,0.8521612916874081,130.18031264181673,130.1802113639579,0.8521612916874081,0.25264398676197697,0.17435799878220934,60600.0,63.0,500.0
sub-211,ses-01,PD,1,M,,60.0,12.0,60.0,24.0,8.0,10.0,1300.0,EO,2020-10-11,0,sub-211/ses-01/eeg/sub-211_ses-01_task-rest_eeg.vhdr,sub-211/ses-01/eeg/sub-211_ses-01_task-rest_eeg.eeg,sub-211/ses-01/eeg/sub-211_ses-01_task-rest_eeg.vmrk,500,Pz,63,continuous,sub-211_ses-01_task-rest_eeg.eeg,63,2000.0,IEEE_FLOAT_32,500.0,500.0,63,154.6,True,,True,True,,115.02415833285454,0.15824078351476445,187.15605489579067,187.15603377445424,0.15824078351476445,0.11703286269263737,0.12900581690764154,77300.0,63.0,500.0
sub-212,ses-01,PD,1,M,,84.0,16.0,84.0,24.0,10.0,3.0,300.0,EO,2020-05-14,0,sub-212/ses-01/eeg/sub-212_ses-01_task-rest_eeg.vhdr,sub-212/ses-01/eeg/sub-212_ses-01_task-rest_eeg.eeg,sub-212/ses-01/eeg/sub-212_ses-01_task-rest_eeg.vmrk,500,Pz,63,continuous,sub-212_ses-01_task-rest_eeg.eeg,63,2000.0,IEEE_FLOAT_32,500.0,500.0,63,203.34,True,,True,True,,64.74037116517165,-3.2629867992146044,88.58525823000247,88.58524812890218,-3.2629867992146044,0.2991984782249991,0.22462991745596353,101670.0,63.0,500.0
sub-213,ses-01,PD,1,M,,60.0,12.0,60.0,26.0,17.0,3.0,875.0,EO,2002-03-29,0,sub-213/ses-01/eeg/sub-213_ses-01_task-rest_eeg.vhdr,sub-213/ses-01/eeg/sub-213_ses-01_task-rest_eeg.eeg,sub-213/ses-01/eeg/sub-213_ses-01_task-rest_eeg.vmrk,500,Pz,63,continuous,sub-213_ses-01_task-rest_eeg.eeg,63,2000.0,IEEE_FLOAT_32,500.0,500.0,63,176.14,True,,True,True,,100.07030657742933,0.5060194579516223,132.830163893196,132.83010860785012,0.5060194579516223,0.25818373874470274,0.3605447856632647,88070.0,63.0,500.0
sub-214,ses-01,PD,1,M,,82.0,16.0,82.0,24.0,21.0,6.0,615.0,EO,2001-05-07,0,sub-214/ses-01/eeg/sub-214_ses-01_task-rest_eeg.vhdr,sub-214/ses-01/eeg/sub-214_ses-01_task-rest_eeg.eeg,sub-214/ses-01/eeg/sub-214_ses-01_task-rest_eeg.vmrk,500,Pz,63,continuous,sub-214_ses-01_task-rest_eeg.eeg,63,2000.0,IEEE_FLOAT_32,500.0,500.0,63,181.34,True,,True,True,,139.65431613477799,-0.09438460805748303,180.81267000483786,180.8126082331767,-0.09438460805748303,0.41455850719684106,0.21721592690543498,90670.0,63.0,500.0
sub-215,ses-01,PD,1,M,,70.0,12.0,70.0,26.0,20.0,12.0,925.0,EO,2000-01-08,0,sub-215/ses-01/eeg/sub-215_ses-01_task-rest_eeg.vhdr,sub-215/ses-01/eeg/sub-215_ses-01_task-rest_eeg.eeg,sub-215/ses-01/eeg/sub-215_ses-01_task-rest_eeg.vmrk,500,Pz,63,continuous,sub-215_ses-01_task-rest_eeg.eeg,63,2000.0,IEEE_FLOAT_32,500.0,500.0,63,151.6,True,,True,True,,106.19308134538346,0.0067341442142853335,136.28844873848197,136.288431867557,0.0067341442142853335,0.1551490320057238,0.09285767799322243,75800.0,63.0,500.0
sub-216,ses-01,PD,1,M,,64.0,20.0,64.0,18.0,21.0,13.0,1050.0,EO,2016-03-30,0,sub-216/ses-01/eeg/sub-216_ses-01_task-rest_eeg.vhdr,sub-216/ses-01/eeg/sub-216_ses-01_task-rest_eeg.eeg,sub-216/ses-01/eeg/sub-216_ses-01_task-rest_eeg.vmrk,500,Pz,63,continuous,sub-216_ses-01_task-rest_eeg.eeg,63,2000.0,IEEE_FLOAT_32,500.0,500.0,63,131.36,True,,True,True,,96.73241069788737,1.357997387128345,129.0993469920985,129.0992898164672,1.357997387128345,0.08738254674984544,0.13605495524482955,65680.0,63.0,500.0
sub-217,ses-01,PD,1,M,,77.0,18.0,77.0,25.0,4.0,2.0,150.0,EO,2006-05-28,0,sub-217/ses-01/eeg/sub-217_ses-01_task-rest_eeg.vhdr,sub-217/ses-01/eeg/sub-217_ses-01_task-rest_eeg.eeg,sub-217/ses-01/eeg/sub-217_ses-01_task-rest_eeg.vmrk,500,Pz,63,continuous,sub-217_ses-01_task-rest_eeg.eeg,63,2000.0,IEEE_FLOAT_32,500.0,500.0,63,174.9,True,,True,True,,176.5089465884534,2.6115859159521366,248.2899233562323,248.28990470378648,2.6115859159521366,0.12242978464126159,0.1343837632885669,87450.0,63.0,500.0
sub-218,ses-01,PD,1,M,,57.0,16.0,57.0,27.0,17.0,5.0,1150.0,EO,2007-09-08,0,sub-218/ses-01/eeg/sub-218_ses-01_task-rest_eeg.vhdr,sub-218/ses-01/eeg/sub-218_ses-01_task-rest_eeg.eeg,sub-218/ses-01/eeg/sub-218_ses-01_task-rest_eeg.vmrk,500,Pz,63,continuous,sub-218_ses-01_task-rest_eeg.eeg,63,2000.0,IEEE_FLOAT_32,500.0,500.0,63,202.44,True,,True,True,,118.28182795555763,0.7817349303207988,166.71072087708816,166.71068220225817,0.7817349303207988,0.09752108045908003,0.23506532828406754,101220.0,63.0,500.0
sub-219,ses-01,PD,1,F,,84.0,18.0,84.0,22.0,24.0,10.0,1700.0,EO,2017-06-02,0,sub-219/ses-01/eeg/sub-219_ses-01_task-rest_eeg.vhdr,sub-219/ses-01/eeg/sub-219_ses-01_task-rest_eeg.eeg,sub-219/ses-01/eeg/sub-219_ses-01_task-rest_eeg.vmrk,500,Pz,63,continuous,sub-219_ses-01_task-rest_eeg.eeg,63,2000.0,IEEE_FLOAT_32,500.0,500.0,63,121.72,True,,True,True,,91.93211373121468,0.6404473042700612,126.18541688202585,126.18488084244319,0.6404473042700612,0.1473735223218521,0.07962837130073872,60860.0,63.0,500.0
sub-22,ses-01,Control,0,F,White,77.8,22.0,77.8,20.0,,,,EO,2011-04-12,0,sub-22/ses-01/eeg/sub-22_ses-01_task-rest_eeg.vhdr,sub-22/ses-01/eeg/sub-22_ses-01_task-rest_eeg.eeg,sub-22/ses-01/eeg/sub-22_ses-01_task-rest_eeg.vmrk,500,Pz,63,continuous,sub-22_ses-01_task-rest_eeg.eeg,63,2000.0,IEEE_FLOAT_32,500.0,500.0,63,215.88,True,,True,True,,165.57109821959037,1.1677398533835883,214.59869162819658,214.59867647440993,1.1677398533835883,0.16478348874760598,0.2250376840764737,107940.0,63.0,500.0
sub-220,ses-01,PD,1,F,,68.0,14.0,68.0,27.0,4.0,2.0,450.0,EO,2000-01-10,0,sub-220/ses-01/eeg/sub-220_ses-01_task-rest_eeg.vhdr,sub-220/ses-01/eeg/sub-220_ses-01_task-rest_eeg.eeg,sub-220/ses-01/eeg/sub-220_ses-01_task-rest_eeg.vmrk,500,Pz,63,continuous,sub-220_ses-01_task-rest_eeg.eeg,63,2000.0,IEEE_FLOAT_32,500.0,500.0,63,129.76,True,,True,True,,65.89581889391603,0.6798809694899731,89.9892042806737,89.98919038615645,0.6798809694899731,0.20354249627258417,0.20579810591143693,64880.0,63.0,500.0
sub-221,ses-01,PD,1,M,,65.0,16.0,65.0,21.0,8.0,1.0,575.0,EO,2017-10-09,0,sub-221/ses-01/eeg/sub-221_ses-01_task-rest_eeg.vhdr,sub-221/ses-01/eeg/sub-221_ses-01_task-rest_eeg.eeg,sub-221/ses-01/eeg/sub-221_ses-01_task-rest_eeg.vmrk,500,Pz,63,continuous,sub-221_ses-01_task-rest_eeg.eeg,63,2000.0,IEEE_FLOAT_32,500.0,500.0,63,136.04,True,,True,True,,103.20697504206001,0.630954727449426,136.35874233940999,136.35870090929717,0.630954727449426,0.21188205550639386,0.11415922511114225,68020.0,63.0,500.0
sub-222,ses-01,PD,1,M,,65.0,12.0,65.0,26.0,9.0,10.0,1050.0,EO,2011-10-21,0,sub-222/ses-01/eeg/sub-222_ses-01_task-rest_eeg.vhdr,sub-222/ses-01/eeg/sub-222_ses-01_task-rest_eeg.eeg,sub-222/ses-01/eeg/sub-222_ses-01_task-rest_eeg.vmrk,500,Pz,63,continuous,sub-222_ses-01_task-rest_eeg.eeg,63,2000.0,IEEE_FLOAT_32,500.0,500.0,63,165.32,True,,True,True,,71.34227347720314,0.33979941554950815,95.51814354548148,95.51804178454239,0.33979941554950815,0.2664542213972252,0.37110142410475466,82660.0,63.0,500.0
sub-223,ses-01,PD,1,M,,66.0,20.0,66.0,27.0,21.0,6.0,950.0,EO,2012-05-16,0,sub-223/ses-01/eeg/sub-223_ses-01_task-rest_eeg.vhdr,sub-223/ses-01/eeg/sub-223_ses-01_task-rest_eeg.eeg,sub-223/ses-01/eeg/sub-223_ses-01_task-rest_eeg.vmrk,500,Pz,63,continuous,sub-223_ses-01_task-rest_eeg.eeg,63,2000.0,IEEE_FLOAT_32,500.0,500.0,63,137.32,True,,True,True,,666.6207310714256,-7.059908021638957,6815.234796597616,6815.234771458344,-7.059908021638957,0.11532860333170082,0.12579074604846643,68660.0,63.0,500.0
sub-224,ses-01,PD,1,M,,67.0,16.0,67.0,25.0,11.0,6.0,950.0,EO,2012-12-15,0,sub-224/ses-01/eeg/sub-224_ses-01_task-rest_eeg.vhdr,sub-224/ses-01/eeg/sub-224_ses-01_task-rest_eeg.eeg,sub-224/ses-01/eeg/sub-224_ses-01_task-rest_eeg.vmrk,500,Pz,63,continuous,sub-224_ses-01_task-rest_eeg.eeg,63,2000.0,IEEE_FLOAT_32,500.0,500.0,63,150.56,True,,True,True,,113.35607640947558,0.002041173705836808,143.88179262493662,143.88177144723227,0.002041173705836808,0.19020718916568677,0.16637618964742135,75280.0,63.0,500.0
sub-225,ses-01,PD,1,M,,71.0,20.0,71.0,24.0,7.0,3.0,600.0,EO,2011-04-27,0,sub-225/ses-01/eeg/sub-225_ses-01_task-rest_eeg.vhdr,sub-225/ses-01/eeg/sub-225_ses-01_task-rest_eeg.eeg,sub-225/ses-01/eeg/sub-225_ses-01_task-rest_eeg.vmrk,500,Pz,63,continuous,sub-225_ses-01_task-rest_eeg.eeg,63,2000.0,IEEE_FLOAT_32,500.0,500.0,63,146.66,True,,True,True,,109.2462871853687,1.2327859354912198,145.33142468892208,145.3313692057036,1.2327859354912198,0.25170913204903234,0.24039996376997308,73330.0,63.0,500.0
sub-226,ses-01,PD,1,M,,71.0,16.0,71.0,23.0,15.0,1.0,800.0,EO,2014-10-20,0,sub-226/ses-01/eeg/sub-226_ses-01_task-rest_eeg.vhdr,sub-226/ses-01/eeg/sub-226_ses-01_task-rest_eeg.eeg,sub-226/ses-01/eeg/sub-226_ses-01_task-rest_eeg.vmrk,500,Pz,63,continuous,sub-226_ses-01_task-rest_eeg.eeg,63,2000.0,IEEE_FLOAT_32,500.0,500.0,63,131.26,True,,True,True,,94.38334809927154,32.95086132368501,159.1370349211366,159.1369272979065,32.95086132368501,0.17160148779173057,0.2456110877760251,65630.0,63.0,500.0
sub-227,ses-01,PD,1,M,,80.0,12.0,80.0,17.0,11.0,13.0,1500.0,EO,2010-04-29,0,sub-227/ses-01/eeg/sub-227_ses-01_task-rest_eeg.vhdr,sub-227/ses-01/eeg/sub-227_ses-01_task-rest_eeg.eeg,sub-227/ses-01/eeg/sub-227_ses-01_task-rest_eeg.vmrk,500,Pz,63,continuous,sub-227_ses-01_task-rest_eeg.eeg,63,2000.0,IEEE_FLOAT_32,500.0,500.0,63,139.5,True,,True,True,,76.00322888364084,-0.075631307749379,99.81140627450927,99.81134232549638,-0.075631307749379,0.16613873941229268,0.15303329926040524,69750.0,63.0,500.0
sub-228,ses-01,PD,1,M,,65.0,20.0,65.0,30.0,17.0,4.0,600.0,EO,2011-01-19,0,sub-228/ses-01/eeg/sub-228_ses-01_task-rest_eeg.vhdr,sub-228/ses-01/eeg/sub-228_ses-01_task-rest_eeg.eeg,sub-228/ses-01/eeg/sub-228_ses-01_task-rest_eeg.vmrk,500,Pz,63,continuous,sub-228_ses-01_task-rest_eeg.eeg,63,2000.0,IEEE_FLOAT_32,500.0,500.0,63,145.34,True,,True,True,,173.99412456895624,5.204561164700228,252.16133956478862,252.16130974514496,5.204561164700228,0.2917613767420298,0.15288052800451093,72670.0,63.0,500.0
sub-229,ses-01,PD,1,F,,66.0,14.0,66.0,29.0,12.0,7.0,600.0,EO,2001-01-20,0,sub-229/ses-01/eeg/sub-229_ses-01_task-rest_eeg.vhdr,sub-229/ses-01/eeg/sub-229_ses-01_task-rest_eeg.eeg,sub-229/ses-01/eeg/sub-229_ses-01_task-rest_eeg.vmrk,500,Pz,63,continuous,sub-229_ses-01_task-rest_eeg.eeg,63,2000.0,IEEE_FLOAT_32,500.0,500.0,63,131.28,True,,True,True,,75.68751041962453,3.2563699905866215,112.05812180833703,112.05797561753006,3.2563699905866215,0.16749587417239797,0.14182452359289976,65640.0,63.0,500.0
sub-23,ses-01,Control,0,M,White,92.3,32.0,92.3,22.0,,,,EO,2020-10-27,0,sub-23/ses-01/eeg/sub-23_ses-01_task-rest_eeg.vhdr,sub-23/ses-01/eeg/sub-23_ses-01_task-rest_eeg.eeg,sub-23/ses-01/eeg/sub-23_ses-01_task-rest_eeg.vmrk,500,Pz,63,continuous,sub-23_ses-01_task-rest_eeg.eeg,63,2000.0,IEEE_FLOAT_32,500.0,500.0,63,180.48,True,,True,True,,154.8471404029579,4.075646762877718,362.98646774686114,362.98645719644577,4.075646762877718,0.06903666508803279,0.10175842015931354,90240.0,63.0,500.0
sub-230,ses-01,PD,1,M,,68.0,14.0,68.0,24.0,19.0,2.0,1400.0,EO,2008-07-05,0,sub-230/ses-01/eeg/sub-230_ses-01_task-rest_eeg.vhdr,sub-230/ses-01/eeg/sub-230_ses-01_task-rest_eeg.eeg,sub-230/ses-01/eeg/sub-230_ses-01_task-rest_eeg.vmrk,500,Pz,63,continuous,sub-230_ses-01_task-rest_eeg.eeg,63,2000.0,IEEE_FLOAT_32,500.0,500.0,63,130.94,True,,True,True,,136.3511036538062,0.44327911643247436,191.03058278870046,191.030539447851,0.44327911643247436,0.06135074123173824,0.2801086011884169,65470.0,63.0,500.0
sub-231,ses-01,PD,1,M,,70.0,22.0,70.0,21.0,26.0,1.0,1150.0,EO,2019-06-16,0,sub-231/ses-01/eeg/sub-231_ses-01_task-rest_eeg.vhdr,sub-231/ses-01/eeg/sub-231_ses-01_task-rest_eeg.eeg,sub-231/ses-01/eeg/sub-231_ses-01_task-rest_eeg.vmrk,500,Pz,63,continuous,sub-231_ses-01_task-rest_eeg.eeg,63,2000.0,IEEE_FLOAT_32,500.0,500.0,63,238.02,True,,True,True,,297.0381099300228,-4.56385507081043,548.2077462397481,548.2076811498849,-4.56385507081043,0.057684199685267584,0.23106302847480353,119010.0,63.0,500.0
sub-232,ses-01,PD,1,F,,68.0,14.0,68.0,22.0,8.0,3.0,300.0,EO,2018-10-16,0,sub-232/ses-01/eeg/sub-232_ses-01_task-rest_eeg.vhdr,sub-232/ses-01/eeg/sub-232_ses-01_task-rest_eeg.eeg,sub-232/ses-01/eeg/sub-232_ses-01_task-rest_eeg.vmrk,500,Pz,63,continuous,sub-232_ses-01_task-rest_eeg.eeg,64,2000.0,IEEE_FLOAT_32,500.0,500.0,64,121.66,True,,True,True,,95.08032648540092,0.04143633531605842,122.35594984467656,122.35590970361251,0.04143633531605842,0.5510351230572704,0.21242348929052585,60830.0,64.0,500.0
sub-233,ses-01,PD,1,M,,68.0,15.0,68.0,28.0,8.0,5.0,750.0,EO,2007-11-27,0,sub-233/ses-01/eeg/sub-233_ses-01_task-rest_eeg.vhdr,sub-233/ses-01/eeg/sub-233_ses-01_task-rest_eeg.eeg,sub-233/ses-01/eeg/sub-233_ses-01_task-rest_eeg.vmrk,500,Pz,63,continuous,sub-233_ses-01_task-rest_eeg.eeg,64,2000.0,IEEE_FLOAT_32,500.0,500.0,64,124.44,True,,True,True,,86.24340096850742,0.699421145416884,112.57494266438025,112.57491317361823,0.699421145416884,0.2837399009958328,0.22736378948843713,62220.0,64.0,500.0
sub-234,ses-01,PD,1,F,,70.0,14.0,70.0,28.0,4.0,3.0,600.0,EO,2005-08-17,0,sub-234/ses-01/eeg/sub-234_ses-01_task-rest_eeg.vhdr,sub-234/ses-01/eeg/sub-234_ses-01_task-rest_eeg.eeg,sub-234/ses-01/eeg/sub-234_ses-01_task-rest_eeg.vmrk,500,Pz,63,continuous,sub-234_ses-01_task-rest_eeg.eeg,63,2000.0,IEEE_FLOAT_32,500.0,500.0,63,124.46,True,,True,True,,62.899148755451,4.765487435933766,97.36326415906844,97.36320361550298,4.765487435933766,0.07522721814119783,0.11504304514023997,62230.0,63.0,500.0
sub-235,ses-01,PD,1,M,,58.0,12.0,58.0,23.0,15.0,3.0,875.0,EO,2020-02-02,0,sub-235/ses-01/eeg/sub-235_ses-01_task-rest_eeg.vhdr,sub-235/ses-01/eeg/sub-235_ses-01_task-rest_eeg.eeg,sub-235/ses-01/eeg/sub-235_ses-01_task-rest_eeg.vmrk,500,Pz,63,continuous,sub-235_ses-01_task-rest_eeg.eeg,63,2000.0,IEEE_FLOAT_32,500.0,500.0,63,130.94,True,,True,True,,59.1066606174654,2.365931178681435,81.40586698445588,81.40584913516054,2.365931178681435,0.1805030285976463,0.16942708381590696,65470.0,63.0,500.0
sub-236,ses-01,PD,1,M,,66.0,20.0,66.0,26.0,22.0,5.0,575.0,EO,2004-01-15,0,sub-236/ses-01/eeg/sub-236_ses-01_task-rest_eeg.vhdr,sub-236/ses-01/eeg/sub-236_ses-01_task-rest_eeg.eeg,sub-236/ses-01/eeg/sub-236_ses-01_task-rest_eeg.vmrk,500,Pz,63,continuous,sub-236_ses-01_task-rest_eeg.eeg,63,2000.0,IEEE_FLOAT_32,500.0,500.0,63,126.44,True,,True,True,,92.20451374689229,0.7450842380794743,123.26294419790318,123.26293158364253,0.7450842380794743,0.3544116772436174,0.15611505308481186,63220.0,63.0,500.0
sub-237,ses-01,PD,1,F,,66.0,12.0,66.0,25.0,26.0,10.0,300.0,EO,2020-07-10,0,sub-237/ses-01/eeg/sub-237_ses-01_task-rest_eeg.vhdr,sub-237/ses-01/eeg/sub-237_ses-01_task-rest_eeg.eeg,sub-237/ses-01/eeg/sub-237_ses-01_task-rest_eeg.vmrk,500,Pz,63,continuous,sub-237_ses-01_task-rest_eeg.eeg,63,2000.0,IEEE_FLOAT_32,500.0,500.0,63,125.0,True,,True,True,,86.18685868783949,0.0012948449250083482,110.17276497613786,110.17261878203513,0.0012948449250083482,0.4864295740188598,0.1905664915084567,62500.0,63.0,500.0
sub-238,ses-01,PD,1,M,,66.0,18.0,66.0,22.0,7.0,5.0,875.0,EO,2011-11-26,0,sub-238/ses-01/eeg/sub-238_ses-01_task-rest_eeg.vhdr,sub-238/ses-01/eeg/sub-238_ses-01_task-rest_eeg.eeg,sub-238/ses-01/eeg/sub-238_ses-01_task-rest_eeg.vmrk,500,Pz,63,continuous,sub-238_ses-01_task-rest_eeg.eeg,63,2000.0,IEEE_FLOAT_32,500.0,500.0,63,124.36,True,,True,True,,55.6687775429116,-0.002915830561993108,70.22664911797595,70.2265564184182,-0.002915830561993108,0.18831717599104836,0.31538149971095647,62180.0,63.0,500.0
sub-239,ses-01,PD,1,F,,73.0,18.0,73.0,25.0,13.0,6.0,1450.0,EO,2006-02-09,0,sub-239/ses-01/eeg/sub-239_ses-01_task-rest_eeg.vhdr,sub-239/ses-01/eeg/sub-239_ses-01_task-rest_eeg.eeg,sub-239/ses-01/eeg/sub-239_ses-01_task-rest_eeg.vmrk,500,Pz,63,continuous,sub-239_ses-01_task-rest_eeg.eeg,63,2000.0,IEEE_FLOAT_32,500.0,500.0,63,139.18,True,,True,True,,108.41609514339505,3.6674030985627577,156.90361290271863,156.90350944372307,3.6674030985627577,0.2756347166249625,0.20626621071628434,69590.0,63.0,500.0
sub-24,ses-01,Control,0,F,White,80.4,16.0,80.4,25.0,,,,EO,2005-12-05,0,sub-24/ses-01/eeg/sub-24_ses-01_task-rest_eeg.vhdr,sub-24/ses-01/eeg/sub-24_ses-01_task-rest_eeg.eeg,sub-24/ses-01/eeg/sub-24_ses-01_task-rest_eeg.vmrk,500,Pz,63,continuous,sub-24_ses-01_task-rest_eeg.eeg,63,2000.0,IEEE_FLOAT_32,500.0,500.0,63,182.24,True,,True,True,,95.76056400897536,0.7938194396331871,125.66141461637837,125.66138053487059,0.7938194396331871,0.17704985816275817,0.21862186878665682,91120.0,63.0,500.0
sub-240,ses-01,PD,1,M,,69.0,16.0,69.0,27.0,22.0,2.0,325.0,EO,2003-08-07,0,sub-240/ses-01/eeg/sub-240_ses-01_task-rest_eeg.vhdr,sub-240/ses-01/eeg/sub-240_ses-01_task-rest_eeg.eeg,sub-240/ses-01/eeg/sub-240_ses-01_task-rest_eeg.vmrk,500,Pz,63,continuous,sub-240_ses-01_task-rest_eeg.eeg,63,2000.0,IEEE_FLOAT_32,500.0,500.0,63,131.78,True,,True,True,,84.41138507780133,1.36530776093008,127.11240334732078,127.11233030128484,1.36530776093008,0.08361208788532289,0.10809901161201144,65890.0,63.0,500.0
sub-241,ses-01,PD,1,F,,71.0,18.0,71.0,29.0,9.0,2.0,700.0,EO,2000-07-09,0,sub-241/ses-01/eeg/sub-241_ses-01_task-rest_eeg.vhdr,sub-241/ses-01/eeg/sub-241_ses-01_task-rest_eeg.eeg,sub-241/ses-01/eeg/sub-241_ses-01_task-rest_eeg.vmrk,500,Pz,63,continuous,sub-241_ses-01_task-rest_eeg.eeg,63,2000.0,IEEE_FLOAT_32,500.0,500.0,63,125.12,True,,True,True,,87.1632078427671,3.273612313804054,133.79598989800937,133.79555841516623,3.273612313804054,0.1735998648033838,0.18824656930055692,62560.0,63.0,500.0
sub-242,ses-01,PD,1,M,,81.0,17.0,81.0,24.0,8.0,3.0,450.0,EO,2013-09-19,0,sub-242/ses-01/eeg/sub-242_ses-01_task-rest_eeg.vhdr,sub-242/ses-01/eeg/sub-242_ses-01_task-rest_eeg.eeg,sub-242/ses-01/eeg/sub-242_ses-01_task-rest_eeg.vmrk,500,Pz,63,continuous,sub-242_ses-01_task-rest_eeg.eeg,63,2000.0,IEEE_FLOAT_32,500.0,500.0,63,135.7,True,,True,True,,80.55705235842679,-1.5933667620177476,133.97337510903088,133.97332452487015,-1.5933667620177476,0.11421523134108333,0.12189300178986323,67850.0,63.0,500.0
sub-243,ses-01,PD,1,M,,67.0,16.0,67.0,28.0,22.0,3.0,1100.0,EO,2008-10-30,0,sub-243/ses-01/eeg/sub-243_ses-01_task-rest_eeg.vhdr,sub-243/ses-01/eeg/sub-243_ses-01_task-rest_eeg.eeg,sub-243/ses-01/eeg/sub-243_ses-01_task-rest_eeg.vmrk,500,Pz,63,continuous,sub-243_ses-01_task-rest_eeg.eeg,63,2000.0,IEEE_FLOAT_32,500.0,500.0,63,146.52,True,,True,True,,56.37338671134135,0.13700875039404753,71.76973290309604,71.76967974944334,0.13700875039404753,0.2733195047727086,0.3019953850294896,73260.0,63.0,500.0
sub-243,ses-02,PD,1,M,,67.0,16.0,73.0,,,,,EO,2013-10-20,1816,sub-243/ses-02/eeg/sub-243_ses-02_task-rest_eeg.vhdr,sub-243/ses-02/eeg/sub-243_ses-02_task-rest_eeg.eeg,sub-243/ses-02/eeg/sub-243_ses-02_task-rest_eeg.vmrk,500,Pz,63,continuous,sub-243_ses-02_task-rest_eeg.eeg,64,2000.0,IEEE_FLOAT_32,500.0,500.0,64,302.8,True,,True,True,,59.40481121229287,2.5476905610703664,90.50059092846793,90.50058281168843,2.5476905610703664,0.14858421209595638,0.17841762724450702,151400.0,63.0,500.0
sub-244,ses-01,PD,1,M,,68.0,26.0,68.0,27.0,17.0,6.0,1300.0,EO,2009-04-21,0,sub-244/ses-01/eeg/sub-244_ses-01_task-rest_eeg.vhdr,sub-244/ses-01/eeg/sub-244_ses-01_task-rest_eeg.eeg,sub-244/ses-01/eeg/sub-244_ses-01_task-rest_eeg.vmrk,500,Pz,63,continuous,sub-244_ses-01_task-rest_eeg.eeg,63,2000.0,IEEE_FLOAT_32,500.0,500.0,63,125.0,True,,True,True,,63.74330299229066,0.7427645294404875,88.85792966834104,88.85788759386557,0.7427645294404875,0.18443728835681705,0.18585587678803064,62500.0,63.0,500.0
sub-245,ses-01,PD,1,M,,62.0,14.0,62.0,28.0,8.0,24.0,950.0,EO,2003-01-27,0,sub-245/ses-01/eeg/sub-245_ses-01_task-rest_eeg.vhdr,sub-245/ses-01/eeg/sub-245_ses-01_task-rest_eeg.eeg,sub-245/ses-01/eeg/sub-245_ses-01_task-rest_eeg.vmrk,500,Pz,63,continuous,sub-245_ses-01_task-rest_eeg.eeg,63,2000.0,IEEE_FLOAT_32,500.0,500.0,63,125.08,True,,True,True,,84.13877848429193,-0.07070248717471254,108.1026536070286,108.10262622787467,-0.07070248717471254,0.1168214274886034,0.06550942496241223,62540.0,63.0,500.0
sub-246,ses-01,PD,1,M,,75.0,18.0,75.0,26.0,5.0,11.0,1475.0,EO,2013-02-26,0,sub-246/ses-01/eeg/sub-246_ses-01_task-rest_eeg.vhdr,sub-246/ses-01/eeg/sub-246_ses-01_task-rest_eeg.eeg,sub-246/ses-01/eeg/sub-246_ses-01_task-rest_eeg.vmrk,500,Pz,63,continuous,sub-246_ses-01_task-rest_eeg.eeg,63,2000.0,IEEE_FLOAT_32,500.0,500.0,63,156.34,True,,True,True,,130.65616390348274,0.3156311371226796,172.4166169075677,172.41652427431893,0.3156311371226796,0.14776936958087267,0.077339895842642,78170.0,63.0,500.0
sub-247,ses-01,PD,1,M,,79.0,18.0,79.0,25.0,17.0,3.0,400.0,EO,2013-07-21,0,sub-247/ses-01/eeg/sub-247_ses-01_task-rest_eeg.vhdr,sub-247/ses-01/eeg/sub-247_ses-01_task-rest_eeg.eeg,sub-247/ses-01/eeg/sub-247_ses-01_task-rest_eeg.vmrk,500,Pz,63,continuous,sub-247_ses-01_task-rest_eeg.eeg,63,2000.0,IEEE_FLOAT_32,500.0,500.0,63,161.62,True,,True,True,,104.23386129780008,-0.00024433994843953,132.37785182787118,132.37779252300123,-0.00024433994843953,0.13267762046818382,0.08606362814461535,80810.0,63.0,500.0
sub-248,ses-01,PD,1,M,,52.0,17.0,52.0,28.0,17.0,8.0,1125.0,EO,2014-05-01,0,sub-248/ses-01/eeg/sub-248_ses-01_task-rest_eeg.vhdr,sub-248/ses-01/eeg/sub-248_ses-01_task-rest_eeg.eeg,sub-248/ses-01/eeg/sub-248_ses-01_task-rest_eeg.vmrk,500,Pz,63,continuous,sub-248_ses-01_task-rest_eeg.eeg,64,2000.0,IEEE_FLOAT_32,500.0,500.0,64,123.86,True,,True,True,,134.2490354801813,1.7365902132263982,185.0688099082584,185.0687839217905,1.7365902132263982,0.10360732616523578,0.14307760307621897,61930.0,64.0,500.0
sub-249,ses-01,PD,1,M,,72.0,12.0,72.0,22.0,5.0,3.0,450.0,EO,2016-06-15,0,sub-249/ses-01/eeg/sub-249_ses-01_task-rest_eeg.vhdr,sub-249/ses-01/eeg/sub-249_ses-01_task-rest_eeg.eeg,sub-249/ses-01/eeg/sub-249_ses-01_task-rest_eeg.vmrk,500,Pz,63,continuous,sub-249_ses-01_task-rest_eeg.eeg,64,2000.0,IEEE_FLOAT_32,500.0,500.0,64,138.62,True,,True,True,,144.92527121893806,0.559210067419978,211.70415065476544,211.70412032557383,0.559210067419978,0.125214778365535,0.27755526138610864,69310.0,64.0,500.0
sub-25,ses-01,Control,0,M,White,76.2,16.0,76.2,24.0,,,,EO,2013-01-17,0,sub-25/ses-01/eeg/sub-25_ses-01_task-rest_eeg.vhdr,sub-25/ses-01/eeg/sub-25_ses-01_task-rest_eeg.eeg,sub-25/ses-01/eeg/sub-25_ses-01_task-rest_eeg.vmrk,500,Pz,63,continuous,sub-25_ses-01_task-rest_eeg.eeg,63,2000.0,IEEE_FLOAT_32,500.0,500.0,63,181.5,True,,True,True,,95.94431442766587,3.046183555495967,144.60864807643372,144.60856864760478,3.046183555495967,0.09717978370404247,0.15329325406775532,90750.0,63.0,500.0
sub-250,ses-01,PD,1,F,,86.0,12.0,86.0,27.0,15.0,1.0,300.0,EO,2003-06-23,0,sub-250/ses-01/eeg/sub-250_ses-01_task-rest_eeg.vhdr,sub-250/ses-01/eeg/sub-250_ses-01_task-rest_eeg.eeg,sub-250/ses-01/eeg/sub-250_ses-01_task-rest_eeg.vmrk,500,Pz,63,continuous,sub-250_ses-01_task-rest_eeg.eeg,63,2000.0,IEEE_FLOAT_32,500.0,500.0,63,128.7,True,,True,True,,54.17954243752585,-7.088139682404318,72.48316878341663,72.48314523955905,-7.088139682404318,0.22772525624247295,0.4582459785010276,64350.0,63.0,500.0
sub-251,ses-01,PD,1,F,,61.0,16.0,61.0,28.0,4.0,1.0,675.0,EO,2012-04-06,0,sub-251/ses-01/eeg/sub-251_ses-01_task-rest_eeg.vhdr,sub-251/ses-01/eeg/sub-251_ses-01_task-rest_eeg.eeg,sub-251/ses-01/eeg/sub-251_ses-01_task-rest_eeg.vmrk,500,Pz,63,continuous,sub-251_ses-01_task-rest_eeg.eeg,66,2000.0,IEEE_FLOAT_32,500.0,500.0,66,121.7,True,,True,True,,40.4309079736736,5.382690843423261,71.23821507746828,71.23819350275828,5.382690843423261,0.09141181190591334,0.07962445157038753,60850.0,66.0,500.0
sub-252,ses-01,PD,1,F,,54.0,16.0,54.0,29.0,7.0,5.0,600.0,EO,2015-09-08,0,sub-252/ses-01/eeg/sub-252_ses-01_task-rest_eeg.vhdr,sub-252/ses-01/eeg/sub-252_ses-01_task-rest_eeg.eeg,sub-252/ses-01/eeg/sub-252_ses-01_task-rest_eeg.vmrk,500,Pz,63,continuous,sub-252_ses-01_task-rest_eeg.eeg,64,2000.0,IEEE_FLOAT_32,500.0,500.0,64,126.52,True,,True,True,,85.566826721984,-0.02860013914434403,110.22545542766449,110.2254193490541,-0.02860013914434403,0.24799725100515468,0.09314808742491058,63260.0,64.0,500.0
sub-253,ses-01,PD,1,M,,60.0,12.0,60.0,27.0,1.0,3.0,1025.0,EO,2015-12-12,0,sub-253/ses-01/eeg/sub-253_ses-01_task-rest_eeg.vhdr,sub-253/ses-01/eeg/sub-253_ses-01_task-rest_eeg.eeg,sub-253/ses-01/eeg/sub-253_ses-01_task-rest_eeg.vmrk,500,Pz,63,continuous,sub-253_ses-01_task-rest_eeg.eeg,63,2000.0,IEEE_FLOAT_32,500.0,500.0,63,136.26,True,,True,True,,61.81868728794707,0.4140733359113164,85.59711963170888,85.59704582243285,0.4140733359113164,0.12911409315480163,0.36099353656647015,68130.0,63.0,500.0
sub-254,ses-01,PD,1,M,,69.0,14.0,69.0,24.0,4.0,11.0,1600.0,EO,2007-05-30,0,sub-254/ses-01/eeg/sub-254_ses-01_task-rest_eeg.vhdr,sub-254/ses-01/eeg/sub-254_ses-01_task-rest_eeg.eeg,sub-254/ses-01/eeg/sub-254_ses-01_task-rest_eeg.vmrk,500,Pz,63,continuous,sub-254_ses-01_task-rest_eeg.eeg,63,2000.0,IEEE_FLOAT_32,500.0,500.0,63,151.54,True,,True,True,,126.34724130851373,-0.28201615590328716,163.2403743632373,163.24034359053704,-0.28201615590328716,0.10613422675196633,0.0618850094563801,75770.0,63.0,500.0
sub-255,ses-01,PD,1,F,,69.0,14.0,69.0,27.0,7.0,1.0,450.0,EO,2007-11-22,0,sub-255/ses-01/eeg/sub-255_ses-01_task-rest_eeg.vhdr,sub-255/ses-01/eeg/sub-255_ses-01_task-rest_eeg.eeg,sub-255/ses-01/eeg/sub-255_ses-01_task-rest_eeg.vmrk,500,Pz,63,continuous,sub-255_ses-01_task-rest_eeg.eeg,63,2000.0,IEEE_FLOAT_32,500.0,500.0,63,139.9,True,,True,True,,107.94550226890038,0.1187098233855683,139.9213676773468,139.92133612742316,0.1187098233855683,0.5233954623651985,0.21671187110439902,69950.0,63.0,500.0
sub-255,ses-02,PD,1,F,,69.0,14.0,73.0,,,,,EO,2012-04-02,1593,sub-255/ses-02/eeg/sub-255_ses-02_task-rest_eeg.vhdr,sub-255/ses-02/eeg/sub-255_ses-02_task-rest_eeg.eeg,sub-255/ses-02/eeg/sub-255_ses-02_task-rest_eeg.vmrk,500,Pz,63,continuous,sub-255_ses-02_task-rest_eeg.eeg,64,2000.0,IEEE_FLOAT_32,500.0,500.0,64,301.08,True,,True,True,,69.90053818069285,-0.08422620149072729,89.88773397400603,89.88772892733198,-0.08422620149072729,0.5485801918689759,0.1263502779622282,150540.0,63.0,500.0
sub-256,ses-01,PD,1,M,,68.0,14.0,68.0,21.0,1.0,1.0,600.0,EO,2004-02-10,0,sub-256/ses-01/eeg/sub-256_ses-01_task-rest_eeg.vhdr,sub-256/ses-01/eeg/sub-256_ses-01_task-rest_eeg.eeg,sub-256/ses-01/eeg/sub-256_ses-01_task-rest_eeg.vmrk,500,Pz,63,continuous,sub-256_ses-01_task-rest_eeg.eeg,63,2000.0,IEEE_FLOAT_32,500.0,500.0,63,131.62,True,,True,True,,54.888631398809615,0.9304784558103222,75.09824723490068,75.09821892874301,0.9304784558103222,0.17380784094052473,0.20518307477927492,65810.0,63.0,500.0
sub-257,ses-01,PD,1,F,,70.0,13.0,70.0,28.0,3.0,9.0,800.0,EO,2019-05-07,0,sub-257/ses-01/eeg/sub-257_ses-01_task-rest_eeg.vhdr,sub-257/ses-01/eeg/sub-257_ses-01_task-rest_eeg.eeg,sub-257/ses-01/eeg/sub-257_ses-01_task-rest_eeg.vmrk,500,Pz,63,continuous,sub-257_ses-01_task-rest_eeg.eeg,63,2000.0,IEEE_FLOAT_32,500.0,500.0,63,132.1,True,,True,True,,86.47485179617291,1.2461356678670816,121.41591994393328,121.41587093314298,1.2461356678670816,0.19569628325350688,0.21149674779750458,66050.0,63.0,500.0
sub-258,ses-01,PD,1,M,,74.0,12.0,74.0,23.0,19.0,2.0,1330.0,EO,2001-01-02,0,sub-258/ses-01/eeg/sub-258_ses-01_task-rest_eeg.vhdr,sub-258/ses-01/eeg/sub-258_ses-01_task-rest_eeg.eeg,sub-258/ses-01/eeg/sub-258_ses-01_task-rest_eeg.vmrk,500,Pz,63,continuous,sub-258_ses-01_task-rest_eeg.eeg,64,2000.0,IEEE_FLOAT_32,500.0,500.0,64,162.24,True,,True,True,,80.40526660915003,0.7216654707311847,115.57370903329911,115.5736856810002,0.7216654707311847,0.11361262409583944,0.2980973492433661,81120.0,64.0,500.0
sub-259,ses-01,PD,1,M,,65.0,15.0,65.0,20.0,7.0,1.0,225.0,EO,2014-01-29,0,sub-259/ses-01/eeg/sub-259_ses-01_task-rest_eeg.vhdr,sub-259/ses-01/eeg/sub-259_ses-01_task-rest_eeg.eeg,sub-259/ses-01/eeg/sub-259_ses-01_task-rest_eeg.vmrk,500,Pz,63,continuous,sub-259_ses-01_task-rest_eeg.eeg,64,2000.0,IEEE_FLOAT_32,500.0,500.0,64,145.86,True,,True,True,,100.83102965645892,-0.07477142058675301,128.4032392470067,128.4031733997986,-0.07477142058675301,0.5129297334061074,0.09053518476118017,72930.0,64.0,500.0
sub-26,ses-01,Control,0,F,White,75.8,18.0,75.8,27.0,,,,EO,2018-09-19,0,sub-26/ses-01/eeg/sub-26_ses-01_task-rest_eeg.vhdr,sub-26/ses-01/eeg/sub-26_ses-01_task-rest_eeg.eeg,sub-26/ses-01/eeg/sub-26_ses-01_task-rest_eeg.vmrk,500,Pz,63,continuous,sub-26_ses-01_task-rest_eeg.eeg,63,2000.0,IEEE_FLOAT_32,500.0,500.0,63,180.8,True,,True,True,,172.68304973919618,4.32882491601371,266.95767259658305,266.9576601010266,4.32882491601371,0.047263975250479276,0.16653302848326465,90400.0,63.0,500.0
sub-260,ses-01,PD,1,M,,66.0,14.0,66.0,22.0,4.0,1.0,900.0,EO,2002-03-10,0,sub-260/ses-01/eeg/sub-260_ses-01_task-rest_eeg.vhdr,sub-260/ses-01/eeg/sub-260_ses-01_task-rest_eeg.eeg,sub-260/ses-01/eeg/sub-260_ses-01_task-rest_eeg.vmrk,500,Pz,63,continuous,sub-260_ses-01_task-rest_eeg.eeg,64,2000.0,IEEE_FLOAT_32,500.0,500.0,64,158.94,True,,True,True,,113.57587204933006,0.3383242502795536,148.55648130025924,148.55644827233075,0.3383242502795536,0.10207023383897224,0.08916719969784845,79470.0,64.0,500.0
sub-261,ses-01,PD,1,F,,67.0,18.0,67.0,28.0,20.0,2.0,300.0,EO,2008-07-05,0,sub-261/ses-01/eeg/sub-261_ses-01_task-rest_eeg.vhdr,sub-261/ses-01/eeg/sub-261_ses-01_task-rest_eeg.eeg,sub-261/ses-01/eeg/sub-261_ses-01_task-rest_eeg.vmrk,500,Pz,63,continuous,sub-261_ses-01_task-rest_eeg.eeg,63,2000.0,IEEE_FLOAT_32,500.0,500.0,63,147.14,True,,True,True,,74.2249984035428,-0.13986848206877697,94.09580294372822,94.09576551903595,-0.13986848206877697,0.2024505119173912,0.2994820111476241,73570.0,63.0,500.0
sub-262,ses-01,PD,1,M,,74.0,12.0,74.0,27.0,18.0,4.0,,EO,2020-06-16,0,sub-262/ses-01/eeg/sub-262_ses-01_task-rest_eeg.vhdr,sub-262/ses-01/eeg/sub-262_ses-01_task-rest_eeg.eeg,sub-262/ses-01/eeg/sub-262_ses-01_task-rest_eeg.vmrk,500,Pz,63,continuous,sub-262_ses-01_task-rest_eeg.eeg,63,2000.0,IEEE_FLOAT_32,500.0,500.0,63,131.0,True,,True,True,,80.42105529362041,0.32311410572553834,102.6535011515097,102.65289320704954,0.32311410572553834,0.5522443896666265,0.15312336008462266,65500.0,63.0,500.0
sub-263,ses-01,PD,1,M,,69.0,16.0,69.0,30.0,15.0,1.0,300.0,EO,2003-05-07,0,sub-263/ses-01/eeg/sub-263_ses-01_task-rest_eeg.vhdr,sub-263/ses-01/eeg/sub-263_ses-01_task-rest_eeg.eeg,sub-263/ses-01/eeg/sub-263_ses-01_task-rest_eeg.vmrk,500,Pz,63,continuous,sub-263_ses-01_task-rest_eeg.eeg,63,2000.0,IEEE_FLOAT_32,500.0,500.0,63,160.62,True,,True,True,,178.5800945069073,-0.1017219538874231,231.93700338528075,231.9367386819764,-0.1017219538874231,0.18794217720914252,0.07640560175568596,80310.0,63.0,500.0
sub-264,ses-01,PD,1,F,,61.0,12.0,61.0,28.0,9.0,3.0,1600.0,EO,2013-06-09,0,sub-264/ses-01/eeg/sub-264_ses-01_task-rest_eeg.vhdr,sub-264/ses-01/eeg/sub-264_ses-01_task-rest_eeg.eeg,sub-264/ses-01/eeg/sub-264_ses-01_task-rest_eeg.vmrk,500,Pz,63,continuous,sub-264_ses-01_task-rest_eeg.eeg,63,2000.0,IEEE_FLOAT_32,500.0,500.0,63,183.26,True,,True,True,,115.80515910673405,0.7211403066001482,154.3958289331837,154.39581238501435,0.7211403066001482,0.24674398845024928,0.14052870828011588,91630.0,63.0,500.0
sub-265,ses-01,PD,1,F,,61.0,15.0,61.0,16.0,4.0,1.0,225.0,EO,2018-04-15,0,sub-265/ses-01/eeg/sub-265_ses-01_task-rest_eeg.vhdr,sub-265/ses-01/eeg/sub-265_ses-01_task-rest_eeg.eeg,sub-265/ses-01/eeg/sub-265_ses-01_task-rest_eeg.vmrk,500,Pz,63,continuous,sub-265_ses-01_task-rest_eeg.eeg,63,2000.0,IEEE_FLOAT_32,500.0,500.0,63,125.46,True,,True,True,,188.99247059847067,1.7522345151615586,274.1966175391621,274.196150927174,1.7522345151615586,0.19051462369628405,0.10616817535922816,62730.0,63.0,500.0
sub-266,ses-01,PD,1,F,,71.0,18.0,71.0,29.0,2.0,1.0,375.0,EO,2011-01-11,0,sub-266/ses-01/eeg/sub-266_ses-01_task-rest_eeg.vhdr,sub-266/ses-01/eeg/sub-266_ses-01_task-rest_eeg.eeg,sub-266/ses-01/eeg/sub-266_ses-01_task-rest_eeg.vmrk,500,Pz,63,continuous,sub-266_ses-01_task-rest_eeg.eeg,63,2000.0,IEEE_FLOAT_32,500.0,500.0,63,127.2,True,,True,True,,169.9307131197124,2.738960615377584,243.15785788106948,243.15780895877828,2.738960615377584,0.10658650500254861,0.23324538556833949,63600.0,63.0,500.0
sub-267,ses-01,PD,1,M,,69.0,14.0,69.0,27.0,11.0,3.0,1150.0,EO,2004-02-17,0,sub-267/ses-01/eeg/sub-267_ses-01_task-rest_eeg.vhdr,sub-267/ses-01/eeg/sub-267_ses-01_task-rest_eeg.eeg,sub-267/ses-01/eeg/sub-267_ses-01_task-rest_eeg.vmrk,500,Pz,63,continuous,sub-267_ses-01_task-rest_eeg.eeg,63,2000.0,IEEE_FLOAT_32,500.0,500.0,63,155.16,True,,True,True,,121.54335691775152,0.7595098905532975,159.37938387636962,159.37932621716166,0.7595098905532975,0.24468175467547792,0.24345118537291588,77580.0,63.0,500.0
sub-268,ses-01,PD,1,F,,64.0,14.0,64.0,26.0,7.0,2.0,875.0,EO,2015-11-20,0,sub-268/ses-01/eeg/sub-268_ses-01_task-rest_eeg.vhdr,sub-268/ses-01/eeg/sub-268_ses-01_task-rest_eeg.eeg,sub-268/ses-01/eeg/sub-268_ses-01_task-rest_eeg.vmrk,500,Pz,63,continuous,sub-268_ses-01_task-rest_eeg.eeg,63,2000.0,IEEE_FLOAT_32,500.0,500.0,63,126.72,True,,True,True,,279.7826169041097,4.116900250725988,427.1878254718038,427.18768902417395,4.116900250725988,0.028732658295123364,0.16813361897602988,63360.0,63.0,500.0
sub-268,ses-02,PD,1,F,,64.0,14.0,68.0,,,,,EO,2020-02-02,1535,sub-268/ses-02/eeg/sub-268_ses-02_task-rest_eeg.vhdr,sub-268/ses-02/eeg/sub-268_ses-02_task-rest_eeg.eeg,sub-268/ses-02/eeg/sub-268_ses-02_task-rest_eeg.vmrk,500,Pz,63,continuous,sub-268_ses-02_task-rest_eeg.eeg,64,2000.0,IEEE_FLOAT_32,500.0,500.0,64,301.58,True,,True,True,,271.2466353279099,1.8669886149490766,396.7160621058901,396.7160022103716,1.8669886149490766,0.012898044890120445,0.13938641473415866,150790.0,63.0,500.0
sub-269,ses-01,PD,1,M,,77.0,14.0,77.0,12.0,8.0,1.0,600.0,EO,2008-10-20,0,sub-269/ses-01/eeg/sub-269_ses-01_task-rest_eeg.vhdr,sub-269/ses-01/eeg/sub-269_ses-01_task-rest_eeg.eeg,sub-269/ses-01/eeg/sub-269_ses-01_task-rest_eeg.vmrk,500,Pz,63,continuous,sub-269_ses-01_task-rest_eeg.eeg,63,2000.0,IEEE_FLOAT_32,500.0,500.0,63,121.32,True,,True,True,,156.03398282992984,2.286120274048763,219.26216180195175,219.2620592598803,2.286120274048763,0.12090159960658338,0.1154225371923749,60660.0,63.0,500.0
sub-27,ses-01,Control,0,M,White,65.6,23.0,65.6,28.0,,,,EO,2013-08-20,0,sub-27/ses-01/eeg/sub-27_ses-01_task-rest_eeg.vhdr,sub-27/ses-01/eeg/sub-27_ses-01_task-rest_eeg.eeg,sub-27/ses-01/eeg/sub-27_ses-01_task-rest_eeg.vmrk,500,Pz,63,continuous,sub-27_ses-01_task-rest_eeg.eeg,63,2000.0,IEEE_FLOAT_32,500.0,500.0,63,182.8,True,,True,True,,67.5968027729449,2.688908187128539,93.80238500325807,93.80233520993654,2.688908187128539,0.11694955082183467,0.21981353047196253,91400.0,63.0,500.0
sub-270,ses-01,PD,1,F,,48.0,17.0,48.0,23.0,4.0,1.0,210.0,EO,2008-05-12,0,sub-270/ses-01/eeg/sub-270_ses-01_task-rest_eeg.vhdr,sub-270/ses-01/eeg/sub-270_ses-01_task-rest_eeg.eeg,sub-270/ses-01/eeg/sub-270_ses-01_task-rest_eeg.vmrk,500,Pz,63,continuous,sub-270_ses-01_task-rest_eeg.eeg,64,2000.0,IEEE_FLOAT_32,500.0,500.0,64,156.88,True,,True,True,,91.55566609482638,-0.3036450237097706,131.35137249870377,131.35130413861017,-0.3036450237097706,0.37595772818472534,0.13933774056667328,78440.0,64.0,500.0
sub-270,ses-02,PD,1,F,,48.0,17.0,51.0,,,,,EO,2011-09-28,1234,sub-270/ses-02/eeg/sub-270_ses-02_task-rest_eeg.vhdr,sub-270/ses-02/eeg/sub-270_ses-02_task-rest_eeg.eeg,sub-270/ses-02/eeg/sub-270_ses-02_task-rest_eeg.vmrk,500,Pz,63,continuous,sub-270_ses-02_task-rest_eeg.eeg,64,2000.0,IEEE_FLOAT_32,500.0,500.0,64,300.74,True,,True,True,,101.81357395035623,1.5117029639561566,157.0663778110641,157.06635167544061,1.5117029639561566,0.06912269725579476,0.049445391985048236,150370.0,63.0,500.0
sub-271,ses-01,PD,1,M,,73.0,16.0,73.0,24.0,6.0,5.0,550.0,EO,2007-05-01,0,sub-271/ses-01/eeg/sub-271_ses-01_task-rest_eeg.vhdr,sub-271/ses-01/eeg/sub-271_ses-01_task-rest_eeg.eeg,sub-271/ses-01/eeg/sub-271_ses-01_task-rest_eeg.vmrk,500,Pz,63,continuous,sub-271_ses-01_task-rest_eeg.eeg,64,2000.0,IEEE_FLOAT_32,500.0,500.0,64,121.4,True,,True,True,,149.4592929366674,0.4848256426987421,195.441274933489,195.44115192735964,0.4848256426987421,0.2636268076680315,0.09752205144964253,60700.0,64.0,500.0
sub-272,ses-01,PD,1,F,,78.0,13.0,78.0,17.0,12.0,1.0,1400.0,EO,2004-03-13,0,sub-272/ses-01/eeg/sub-272_ses-01_task-rest_eeg.vhdr,sub-272/ses-01/eeg/sub-272_ses-01_task-rest_eeg.eeg,sub-272/ses-01/eeg/sub-272_ses-01_task-rest_eeg.vmrk,500,Pz,63,continuous,sub-272_ses-01_task-rest_eeg.eeg,64,2000.0,IEEE_FLOAT_32,500.0,500.0,64,123.34,True,,True,True,,159.71065400455245,1.219923007615408,310.4426212854178,310.44258486059607,1.219923007615408,0.0779777404032366,0.12307285495474071,61670.0,64.0,500.0
sub-273,ses-01,PD,1,M,,67.0,13.0,67.0,9.0,26.0,4.0,600.0,EO,2002-11-03,0,sub-273/ses-01/eeg/sub-273_ses-01_task-rest_eeg.vhdr,sub-273/ses-01/eeg/sub-273_ses-01_task-rest_eeg.eeg,sub-273/ses-01/eeg/sub-273_ses-01_task-rest_eeg.vmrk,500,Pz,63,continuous,sub-273_ses-01_task-rest_eeg.eeg,64,2000.0,IEEE_FLOAT_32,500.0,500.0,64,130.52,True,,True,True,,143.95250007444054,1.049003985378645,192.06671361281826,192.06665549127416,1.049003985378645,0.06798696546045441,0.04549575340968584,65260.0,64.0,500.0
sub-274,ses-01,PD,1,M,,71.0,16.0,71.0,23.0,10.0,1.0,600.0,EO,2004-06-16,0,sub-274/ses-01/eeg/sub-274_ses-01_task-rest_eeg.vhdr,sub-274/ses-01/eeg/sub-274_ses-01_task-rest_eeg.eeg,sub-274/ses-01/eeg/sub-274_ses-01_task-rest_eeg.vmrk,500,Pz,63,continuous,sub-274_ses-01_task-rest_eeg.eeg,64,2000.0,IEEE_FLOAT_32,500.0,500.0,64,159.6,True,,True,True,,126.78688712808855,1.4228753920499655,172.2856833124193,172.28566577934353,1.4228753920499655,0.19545657988525567,0.09972596979348966,79800.0,64.0,500.0
sub-274,ses-02,PD,1,M,,71.0,16.0,75.0,,,,,EO,2007-12-06,1268,sub-274/ses-02/eeg/sub-274_ses-02_task-rest_eeg.vhdr,sub-274/ses-02/eeg/sub-274_ses-02_task-rest_eeg.eeg,sub-274/ses-02/eeg/sub-274_ses-02_task-rest_eeg.vmrk,500,Pz,63,continuous,sub-274_ses-02_task-rest_eeg.eeg,63,2000.0,IEEE_FLOAT_32,500.0,500.0,63,310.84,True,,True,True,,109.19087258591105,0.776643986762502,146.5078943145447,146.50787061079606,0.776643986762502,0.15453894673643895,0.1273504611489328,155420.0,63.0,500.0
sub-275,ses-01,PD,1,F,,63.0,18.0,63.0,25.0,3.0,5.0,550.0,EO,2020-01-27,0,sub-275/ses-01/eeg/sub-275_ses-01_task-rest_eeg.vhdr,sub-275/ses-01/eeg/sub-275_ses-01_task-rest_eeg.eeg,sub-275/ses-01/eeg/sub-275_ses-01_task-rest_eeg.vmrk,500,Pz,63,continuous,sub-275_ses-01_task-rest_eeg.eeg,64,2000.0,IEEE_FLOAT_32,500.0,500.0,64,122.02,True,,True,True,,85.96898718771622,0.6888501873184344,112.3214815576056,112.32133981127532,0.6888501873184344,0.28799628462979443,0.3147329891958872,61010.0,64.0,500.0
sub-276,ses-01,PD,1,M,,73.0,16.0,73.0,25.0,8.0,1.0,300.0,EO,2000-02-19,0,sub-276/ses-01/eeg/sub-276_ses-01_task-rest_eeg.vhdr,sub-276/ses-01/eeg/sub-276_ses-01_task-rest_eeg.eeg,sub-276/ses-01/eeg/sub-276_ses-01_task-rest_eeg.vmrk,500,Pz,63,continuous,sub-276_ses-01_task-rest_eeg.eeg,64,2000.0,IEEE_FLOAT_32,500.0,500.0,64,122.22,True,,True,True,,102.82781955745116,2.103170066828043,141.99940417866065,141.99937163711698,2.103170066828043,0.315815500693017,0.17035916074976137,61110.0,64.0,500.0
sub-276,ses-02,PD,1,M,,73.0,16.0,76.0,,,,,EO,2002-11-13,998,sub-276/ses-02/eeg/sub-276_ses-02_task-rest_eeg.vhdr,sub-276/ses-02/eeg/sub-276_ses-02_task-rest_eeg.eeg,sub-276/ses-02/eeg/sub-276_ses-02_task-rest_eeg.vmrk,500,Pz,63,continuous,sub-276_ses-02_task-rest_eeg.eeg,64,2000.0,IEEE_FLOAT_32,500.0,500.0,64,402.22,True,,True,True,,113.17067724431259,2.265395253920995,158.4811303589756,158.48112351426786,2.265395253920995,0.2909813837559211,0.1676546815184249,201110.0,63.0,500.0
sub-277,ses-01,PD,1,M,,63.0,,63.0,,,,,EO,2020-05-19,0,sub-277/ses-01/eeg/sub-277_ses-01_task-rest_eeg.vhdr,sub-277/ses-01/eeg/sub-277_ses-01_task-rest_eeg.eeg,sub-277/ses-01/eeg/sub-277_ses-01_task-rest_eeg.vmrk,25000,Pz,63,continuous,sub-277_ses-01_task-rest_eeg.eeg,64,40.0,IEEE_FLOAT_32,25000.0,25000.0,64,180.96,True,,True,True,,96.1436427133829,0.7604319077030796,125.30306676026326,125.30302239520229,0.7604319077030796,0.2644226652525369,0.2105972554748987,348000.0,63.0,1923.076923076923
sub-278,ses-01,PD,1,M,,71.0,,71.0,,,,,EO,2008-11-10,0,sub-278/ses-01/eeg/sub-278_ses-01_task-rest_eeg.vhdr,sub-278/ses-01/eeg/sub-278_ses-01_task-rest_eeg.eeg,sub-278/ses-01/eeg/sub-278_ses-01_task-rest_eeg.vmrk,25000,Pz,63,continuous,sub-278_ses-01_task-rest_eeg.eeg,64,40.0,IEEE_FLOAT_32,25000.0,25000.0,64,181.0,True,,True,True,,67.29201685118575,0.9312306106148521,90.01194563078738,90.01191986514411,0.9312306106148521,0.23970245689510264,0.2552102025584736,348077.0,63.0,1923.076923076923
sub-279,ses-01,PD,1,M,,60.0,,60.0,,,,,EO,2006-10-25,0,sub-279/ses-01/eeg/sub-279_ses-01_task-rest_eeg.vhdr,sub-279/ses-01/eeg/sub-279_ses-01_task-rest_eeg.eeg,sub-279/ses-01/eeg/sub-279_ses-01_task-rest_eeg.vmrk,25000,Pz,63,continuous,sub-279_ses-01_task-rest_eeg.eeg,64,40.0,IEEE_FLOAT_32,25000.0,25000.0,64,183.44,True,,True,True,,75.80623109832929,0.5331254852419468,99.48760656813256,99.48755737507632,0.5331254852419468,0.4622385950193136,0.21181026534673458,352770.0,63.0,1923.076923076923
sub-28,ses-01,Control,0,F,White,65.1,20.0,65.1,27.0,,,,EO,2020-05-30,0,sub-28/ses-01/eeg/sub-28_ses-01_task-rest_eeg.vhdr,sub-28/ses-01/eeg/sub-28_ses-01_task-rest_eeg.eeg,sub-28/ses-01/eeg/sub-28_ses-01_task-rest_eeg.vmrk,500,Pz,63,continuous,sub-28_ses-01_task-rest_eeg.eeg,63,2000.0,IEEE_FLOAT_32,500.0,500.0,63,180.92,True,,True,True,,91.28560205750247,2.4066183604069193,132.81676345916904,132.81675736930086,2.4066183604069193,0.10759433308477767,0.21519365893729017,90460.0,63.0,500.0
sub-280,ses-01,PD,1,M,,83.0,,83.0,,,,,EO,2004-10-22,0,sub-280/ses-01/eeg/sub-280_ses-01_task-rest_eeg.vhdr,sub-280/ses-01/eeg/sub-280_ses-01_task-rest_eeg.eeg,sub-280/ses-01/eeg/sub-280_ses-01_task-rest_eeg.vmrk,25000,Pz,63,continuous,sub-280_ses-01_task-rest_eeg.eeg,64,40.0,IEEE_FLOAT_32,25000.0,25000.0,64,182.76,True,,True,True,,90.45014567680795,1.4532107858374348,128.5167748663985,128.51674888768264,1.4532107858374348,0.14918340657374385,0.2934170912144465,351462.0,63.0,1923.076923076923
sub-281,ses-01,PD,1,M,,62.0,,62.0,,,,,EO,2009-05-21,0,sub-281/ses-01/eeg/sub-281_ses-01_task-rest_eeg.vhdr,sub-281/ses-01/eeg/sub-281_ses-01_task-rest_eeg.eeg,sub-281/ses-01/eeg/sub-281_ses-01_task-rest_eeg.vmrk,25000,Pz,63,continuous,sub-281_ses-01_task-rest_eeg.eeg,64,40.0,IEEE_FLOAT_32,25000.0,25000.0,64,184.84,True,,True,True,,90.76933054641434,1.3746859932722009,126.58716615069726,126.58711604758606,1.3746859932722009,0.18485080785983482,0.2621897372345166,355462.0,63.0,1923.076923076923
sub-282,ses-01,PD,1,M,,76.0,,76.0,,,,,EO,2017-11-23,0,sub-282/ses-01/eeg/sub-282_ses-01_task-rest_eeg.vhdr,sub-282/ses-01/eeg/sub-282_ses-01_task-rest_eeg.eeg,sub-282/ses-01/eeg/sub-282_ses-01_task-rest_eeg.vmrk,25000,Pz,63,continuous,sub-282_ses-01_task-rest_eeg.eeg,64,40.0,IEEE_FLOAT_32,25000.0,25000.0,64,184.96,True,,True,True,,115.4947666373432,2.9100702554612194,171.54416615077992,171.54412257023665,2.9100702554612194,0.08410354177696244,0.20581284061496383,355693.0,63.0,1923.076923076923
sub-282,ses-02,PD,1,M,,76.0,,78.0,,,,,EO,2019-09-18,664,sub-282/ses-02/eeg/sub-282_ses-02_task-rest_eeg.vhdr,sub-282/ses-02/eeg/sub-282_ses-02_task-rest_eeg.eeg,sub-282/ses-02/eeg/sub-282_ses-02_task-rest_eeg.vmrk,500,Pz,63,continuous,sub-282_ses-02_task-rest_eeg.eeg,64,2000.0,IEEE_FLOAT_32,500.0,500.0,64,445.98,True,,True,True,,123.97573398433725,2.101305200491863,187.0136251747614,187.01362227077752,2.101305200491863,0.06325406022543034,0.12342954630978613,222990.0,63.0,500.0
sub-283,ses-01,PD,1,M,,57.0,,57.0,,,,,EO,2000-04-24,0,sub-283/ses-01/eeg/sub-283_ses-01_task-rest_eeg.vhdr,sub-283/ses-01/eeg/sub-283_ses-01_task-rest_eeg.eeg,sub-283/ses-01/eeg/sub-283_ses-01_task-rest_eeg.vmrk,25000,Pz,63,continuous,sub-283_ses-01_task-rest_eeg.eeg,64,40.0,IEEE_FLOAT_32,25000.0,25000.0,64,181.94,True,,True,True,,165.23347526132196,3.806874596610937,250.7121254548372,250.71195231839926,3.806874596610937,0.06596104881586413,0.1486584858881514,349885.0,63.0,1923.076923076923
sub-283,ses-02,PD,1,M,,57.0,,59.0,,,,,EO,2002-03-13,688,sub-283/ses-02/eeg/sub-283_ses-02_task-rest_eeg.vhdr,sub-283/ses-02/eeg/sub-283_ses-02_task-rest_eeg.eeg,sub-283/ses-02/eeg/sub-283_ses-02_task-rest_eeg.vmrk,500,Pz,63,continuous,sub-283_ses-02_task-rest_eeg.eeg,64,2000.0,IEEE_FLOAT_32,500.0,500.0,64,302.36,True,,True,True,,79.5552784947056,2.0159598299957273,113.81881044015246,113.81880269085121,2.0159598299957273,0.16187856592407127,0.2566783706083361,151180.0,63.0,500.0
sub-284,ses-01,PD,1,F,,64.0,,64.0,,,,,EO,2009-12-19,0,sub-284/ses-01/eeg/sub-284_ses-01_task-rest_eeg.vhdr,sub-284/ses-01/eeg/sub-284_ses-01_task-rest_eeg.eeg,sub-284/ses-01/eeg/sub-284_ses-01_task-rest_eeg.vmrk,25000,Pz,63,continuous,sub-284_ses-01_task-rest_eeg.eeg,64,40.0,IEEE_FLOAT_32,25000.0,25000.0,64,209.1,True,,True,True,,113.18605986701903,0.49024215275524535,145.8312273807343,145.83120240600672,0.49024215275524535,0.27891469417965853,0.34131604353587325,348500.0,63.0,1666.6666666666667
sub-285,ses-01,PD,1,M,,70.0,,70.0,,,,,EO,2003-10-18,0,sub-285/ses-01/eeg/sub-285_ses-01_task-rest_eeg.vhdr,sub-285/ses-01/eeg/sub-285_ses-01_task-rest_eeg.eeg,sub-285/ses-01/eeg/sub-285_ses-01_task-rest_eeg.vmrk,25000,Pz,63,continuous,sub-285_ses-01_task-rest_eeg.eeg,64,40.0,IEEE_FLOAT_32,25000.0,25000.0,64,182.2,True,,True,True,,147.17552904379363,0.28237951987058163,193.22740691272855,193.2273870790539,0.28237951987058163,0.07666227862460981,0.11594284290616085,350385.0,63.0,1923.076923076923
sub-286,ses-01,PD,1,M,,68.0,,68.0,,,,,EO,2009-08-18,0,sub-286/ses-01/eeg/sub-286_ses-01_task-rest_eeg.vhdr,sub-286/ses-01/eeg/sub-286_ses-01_task-rest_eeg.eeg,sub-286/ses-01/eeg/sub-286_ses-01_task-rest_eeg.vmrk,25000,Pz,63,continuous,sub-286_ses-01_task-rest_eeg.eeg,64,40.0,IEEE_FLOAT_32,25000.0,25000.0,64,181.5,True,,True,True,,75.69661639641771,0.29482049717425113,102.74003862167122,102.74000983081709,0.29482049717425113,0.3158928859245538,0.20841302945826262,349039.0,63.0,1923.076923076923
sub-287,ses-01,PD,1,M,,67.0,,67.0,,,,,EO,2016-10-17,0,sub-287/ses-01/eeg/sub-287_ses-01_task-rest_eeg.vhdr,sub-287/ses-01/eeg/sub-287_ses-01_task-rest_eeg.eeg,sub-287/ses-01/eeg/sub-287_ses-01_task-rest_eeg.vmrk,25000,Pz,63,continuous,sub-287_ses-01_task-rest_eeg.eeg,64,40.0,IEEE_FLOAT_32,25000.0,25000.0,64,181.92,True,,True,True,,80.84222135173484,0.6789536628820457,109.06575921061068,109.0657072036937,0.6789536628820457,0.19863046568696185,0.2056808932719418,349847.0,63.0,1923.076923076923
sub-287,ses-02,PD,1,M,,67.0,,69.0,,,,,EO,2018-09-23,706,sub-287/ses-02/eeg/sub-287_ses-02_task-rest_eeg.vhdr,sub-287/ses-02/eeg/sub-287_ses-02_task-rest_eeg.eeg,sub-287/ses-02/eeg/sub-287_ses-02_task-rest_eeg.vmrk,500,Pz,63,continuous,sub-287_ses-02_task-rest_eeg.eeg,64,2000.0,IEEE_FLOAT_32,500.0,500.0,64,302.78,True,,True,True,,88.8221514524553,0.8853735213633005,126.38849350905262,126.38848446125002,0.8853735213633005,0.1250836577614437,0.13859639430995582,151390.0,63.0,500.0
sub-288,ses-01,PD,1,M,,52.0,,52.0,,,,,EO,2016-12-27,0,sub-288/ses-01/eeg/sub-288_ses-01_task-rest_eeg.vhdr,sub-288/ses-01/eeg/sub-288_ses-01_task-rest_eeg.eeg,sub-288/ses-01/eeg/sub-288_ses-01_task-rest_eeg.vmrk,25000,Pz,63,continuous,sub-288_ses-01_task-rest_eeg.eeg,64,40.0,IEEE_FLOAT_32,25000.0,25000.0,64,199.02,True,,True,True,,86.6125390969195,2.8304626590995037,132.82671853698213,132.8266223233979,2.8304626590995037,0.05964792809094389,0.23622801443319857,355393.0,63.0,1785.7142857142858
sub-289,ses-01,PD,1,M,,69.0,,69.0,,,,,EO,2018-06-06,0,sub-289/ses-01/eeg/sub-289_ses-01_task-rest_eeg.vhdr,sub-289/ses-01/eeg/sub-289_ses-01_task-rest_eeg.eeg,sub-289/ses-01/eeg/sub-289_ses-01_task-rest_eeg.vmrk,25000,Pz,63,continuous,sub-289_ses-01_task-rest_eeg.eeg,64,40.0,IEEE_FLOAT_32,25000.0,25000.0,64,192.0,True,,True,True,,143.41532580122774,-0.21455734140341048,185.27358038011147,185.27187639582613,-0.21455734140341048,0.13580827643310128,0.1847123448374042,342858.0,63.0,1785.7142857142858
sub-29,ses-01,Control,0,M,White,75.4,18.0,75.4,23.0,,,,EO,2006-05-15,0,sub-29/ses-01/eeg/sub-29_ses-01_task-rest_eeg.vhdr,sub-29/ses-01/eeg/sub-29_ses-01_task-rest_eeg.eeg,sub-29/ses-01/eeg/sub-29_ses-01_task-rest_eeg.vmrk,500,Pz,63,continuous,sub-29_ses-01_task-rest_eeg.eeg,63,2000.0,IEEE_FLOAT_32,500.0,500.0,63,182.46,True,,True,True,,64.30298913191349,3.040876979050227,93.85672003863206,93.8567091320134,3.040876979050227,0.09675248228214112,0.1665286531403206,91230.0,63.0,500.0
sub-290,ses-01,PD,1,M,,62.0,,62.0,,,,,EO,2007-04-22,0,sub-290/ses-01/eeg/sub-290_ses-01_task-rest_eeg.vhdr,sub-290/ses-01/eeg/sub-290_ses-01_task-rest_eeg.eeg,sub-290/ses-01/eeg/sub-290_ses-01_task-rest_eeg.vmrk,25000,Pz,63,continuous,sub-290_ses-01_task-rest_eeg.eeg,64,40.0,IEEE_FLOAT_32,25000.0,25000.0,64,185.46,True,,True,True,,104.80151490169526,0.6335307231632382,138.27896679211463,138.2789383612338,0.6335307231632382,0.1663792636740604,0.14289454326356266,356654.0,63.0,1923.076923076923
sub-291,ses-01,PD,1,M,,69.0,,69.0,,,,,EO,2002-12-29,0,sub-291/ses-01/eeg/sub-291_ses-01_task-rest_eeg.vhdr,sub-291/ses-01/eeg/sub-291_ses-01_task-rest_eeg.eeg,sub-291/ses-01/eeg/sub-291_ses-01_task-rest_eeg.vmrk,25000,Pz,63,continuous,sub-291_ses-01_task-rest_eeg.eeg,64,40.0,IEEE_FLOAT_32,25000.0,25000.0,64,186.62,True,,True,True,,95.28463669048539,0.740626309187387,127.21904658544838,127.21900588451082,0.740626309187387,0.15813774332974515,0.18354239025498947,358885.0,63.0,1923.076923076923
sub-292,ses-01,PD,1,M,,75.0,,75.0,,,,,EO,2001-05-04,0,sub-292/ses-01/eeg/sub-292_ses-01_task-rest_eeg.vhdr,sub-292/ses-01/eeg/sub-292_ses-01_task-rest_eeg.eeg,sub-292/ses-01/eeg/sub-292_ses-01_task-rest_eeg.vmrk,25000,Pz,63,continuous,sub-292_ses-01_task-rest_eeg.eeg,64,40.0,IEEE_FLOAT_32,25000.0,25000.0,64,181.16,True,,True,True,,109.71758802842076,3.148473204074849,184.3944577502717,184.39443105323443,3.148473204074849,0.07660046171711883,0.10208929615598854,348385.0,63.0,1923.076923076923
sub-293,ses-01,PD,1,M,,80.0,,80.0,,,,,EO,2013-07-20,0,sub-293/ses-01/eeg/sub-293_ses-01_task-rest_eeg.vhdr,sub-293/ses-01/eeg/sub-293_ses-01_task-rest_eeg.eeg,sub-293/ses-01/eeg/sub-293_ses-01_task-rest_eeg.vmrk,25000,Pz,63,continuous,sub-293_ses-01_task-rest_eeg.eeg,64,40.0,IEEE_FLOAT_32,25000.0,25000.0,64,195.4,True,,True,True,,87.8087316358829,0.7181642637016031,114.48903299905199,114.4889773160924,0.7181642637016031,0.16908055376440798,0.25608097553823966,348929.0,63.0,1785.7142857142858
sub-293,ses-02,PD,1,M,,80.0,,82.0,,,,,EO,2014-10-18,455,sub-293/ses-02/eeg/sub-293_ses-02_task-rest_eeg.vhdr,sub-293/ses-02/eeg/sub-293_ses-02_task-rest_eeg.eeg,sub-293/ses-02/eeg/sub-293_ses-02_task-rest_eeg.vmrk,500,Pz,63,continuous,sub-293_ses-02_task-rest_eeg.eeg,64,2000.0,IEEE_FLOAT_32,500.0,500.0,64,303.42,True,,True,True,,105.57180916067443,0.4038670960920266,142.4358762629361,142.43586163730214,0.4038670960920266,0.15212093540120974,0.1345562025099952,151710.0,63.0,500.0
sub-294,ses-01,PD,1,M,,66.0,,66.0,,,,,EO,2007-07-01,0,sub-294/ses-01/eeg/sub-294_ses-01_task-rest_eeg.vhdr,sub-294/ses-01/eeg/sub-294_ses-01_task-rest_eeg.eeg,sub-294/ses-01/eeg/sub-294_ses-01_task-rest_eeg.vmrk,25000,Pz,63,continuous,sub-294_ses-01_task-rest_eeg.eeg,64,40.0,IEEE_FLOAT_32,25000.0,25000.0,64,181.76,True,,True,True,,90.78405954898032,0.4973655256459048,133.81474770967705,133.81460177846054,0.4973655256459048,0.08215405929571529,0.24493360809993403,349539.0,63.0,1923.076923076923
sub-295,ses-01,PD,1,F,,68.0,,68.0,,,,,EO,2015-05-05,0,sub-295/ses-01/eeg/sub-295_ses-01_task-rest_eeg.vhdr,sub-295/ses-01/eeg/sub-295_ses-01_task-rest_eeg.eeg,sub-295/ses-01/eeg/sub-295_ses-01_task-rest_eeg.vmrk,25000,Pz,63,continuous,sub-295_ses-01_task-rest_eeg.eeg,64,40.0,IEEE_FLOAT_32,25000.0,25000.0,64,182.62,True,,True,True,,67.35652815037976,0.173616247831647,85.74287415205036,85.74277162137695,0.173616247831647,0.12059673230092684,0.4077803966548183,351193.0,63.0,1923.076923076923
sub-296,ses-01,PD,1,M,,78.0,,78.0,,,,,EO,2015-09-11,0,sub-296/ses-01/eeg/sub-296_ses-01_task-rest_eeg.vhdr,sub-296/ses-01/eeg/sub-296_ses-01_task-rest_eeg.eeg,sub-296/ses-01/eeg/sub-296_ses-01_task-rest_eeg.vmrk,25000,Pz,63,continuous,sub-296_ses-01_task-rest_eeg.eeg,64,40.0,IEEE_FLOAT_32,25000.0,25000.0,64,208.56,True,,True,True,,86.45092131924088,1.0961119034539597,121.2803475530192,121.28032047832168,1.0961119034539597,0.0871240069965357,0.3874848077412553,347600.0,63.0,1666.6666666666667
sub-297,ses-01,PD,1,M,,68.0,,68.0,,,,,EO,2015-03-18,0,sub-297/ses-01/eeg/sub-297_ses-01_task-rest_eeg.vhdr,sub-297/ses-01/eeg/sub-297_ses-01_task-rest_eeg.eeg,sub-297/ses-01/eeg/sub-297_ses-01_task-rest_eeg.vmrk,25000,Pz,63,continuous,sub-297_ses-01_task-rest_eeg.eeg,64,40.0,IEEE_FLOAT_32,25000.0,25000.0,64,188.44,True,,True,True,,109.71322998497705,-2.2653783391211766,146.82314934706002,146.82307269580573,-2.2653783391211766,0.19723214099829275,0.24097042603281216,336500.0,63.0,1785.7142857142858
sub-298,ses-01,PD,1,M,,70.0,,70.0,,,,,EO,2008-10-31,0,sub-298/ses-01/eeg/sub-298_ses-01_task-rest_eeg.vhdr,sub-298/ses-01/eeg/sub-298_ses-01_task-rest_eeg.eeg,sub-298/ses-01/eeg/sub-298_ses-01_task-rest_eeg.vmrk,25000,Pz,63,continuous,sub-298_ses-01_task-rest_eeg.eeg,64,40.0,IEEE_FLOAT_32,25000.0,25000.0,64,182.02,True,,True,True,,96.99362844940981,2.054527248519714,142.01907813630814,142.01905734850922,2.054527248519714,0.10049662387459508,0.1645711453656883,350039.0,63.0,1923.076923076923
sub-299,ses-01,PD,1,M,,68.0,,68.0,,,,,EO,2010-12-03,0,sub-299/ses-01/eeg/sub-299_ses-01_task-rest_eeg.vhdr,sub-299/ses-01/eeg/sub-299_ses-01_task-rest_eeg.eeg,sub-299/ses-01/eeg/sub-299_ses-01_task-rest_eeg.vmrk,25000,Pz,63,continuous,sub-299_ses-01_task-rest_eeg.eeg,64,40.0,IEEE_FLOAT_32,25000.0,25000.0,64,271.16,True,,True,True,,91.17057258899378,1.3624951330768444,127.22437668381569,127.2243591125811,1.3624951330768444,0.12902864210288106,0.20142720835500968,356790.0,63.0,1315.7894736842106
sub-3,ses-01,Control,0,M,White,69.3,19.0,69.3,26.0,,,,EO,2007-09-28,0,sub-3/ses-01/eeg/sub-3_ses-01_task-rest_eeg.vhdr,sub-3/ses-01/eeg/sub-3_ses-01_task-rest_eeg.eeg,sub-3/ses-01/eeg/sub-3_ses-01_task-rest_eeg.vmrk,500,Pz,63,continuous,sub-3_ses-01_task-rest_eeg.eeg,63,2000.0,IEEE_FLOAT_32,500.0,500.0,63,219.24,True,,True,True,,117.7544636594888,5.55597458102237,188.42777657527276,188.42777022737462,5.55597458102237,0.1312018825784392,0.16628512765873496,109620.0,63.0,500.0
sub-30,ses-01,Control,0,F,White,71.1,18.0,71.1,27.0,,,,EO,2017-01-07,0,sub-30/ses-01/eeg/sub-30_ses-01_task-rest_eeg.vhdr,sub-30/ses-01/eeg/sub-30_ses-01_task-rest_eeg.eeg,sub-30/ses-01/eeg/sub-30_ses-01_task-rest_eeg.vmrk,500,Pz,63,continuous,sub-30_ses-01_task-rest_eeg.eeg,63,2000.0,IEEE_FLOAT_32,500.0,500.0,63,191.42,True,,True,True,,256.31382179699943,2.551444640381112,389.23776045149094,389.23768174443126,2.551444640381112,0.06145509894656045,0.07827960650438456,95710.0,63.0,500.0
sub-300,ses-01,PD,1,M,,74.0,,74.0,,,,,EO,2007-09-18,0,sub-300/ses-01/eeg/sub-300_ses-01_task-rest_eeg.vhdr,sub-300/ses-01/eeg/sub-300_ses-01_task-rest_eeg.eeg,sub-300/ses-01/eeg/sub-300_ses-01_task-rest_eeg.vmrk,25000,Pz,63,continuous,sub-300_ses-01_task-rest_eeg.eeg,64,40.0,IEEE_FLOAT_32,25000.0,25000.0,64,184.2,True,,True,True,,114.3411011291985,0.7189486537697239,150.7481937656362,150.74812220957588,0.7189486537697239,0.24598370733982056,0.22290227247804778,354231.0,63.0,1923.076923076923
sub-301,ses-01,PD,1,F,,76.0,,76.0,,,,,EO,2003-04-05,0,sub-301/ses-01/eeg/sub-301_ses-01_task-rest_eeg.vhdr,sub-301/ses-01/eeg/sub-301_ses-01_task-rest_eeg.eeg,sub-301/ses-01/eeg/sub-301_ses-01_task-rest_eeg.vmrk,25000,Pz,63,continuous,,63,,,25000.0,25000.0,63,,False,,True,False,eeg_not_local,,,,,,,,,,
sub-302,ses-01,PD,1,M,,59.0,,59.0,,,,,EO,2007-12-06,0,sub-302/ses-01/eeg/sub-302_ses-01_task-rest_eeg.vhdr,sub-302/ses-01/eeg/sub-302_ses-01_task-rest_eeg.eeg,sub-302/ses-01/eeg/sub-302_ses-01_task-rest_eeg.vmrk,25000,Pz,63,continuous,,63,,,25000.0,25000.0,63,,False,,True,False,eeg_not_local,,,,,,,,,,
sub-303,ses-01,PD,1,F,,69.0,,69.0,,,,,EO,2013-06-27,0,sub-303/ses-01/eeg/sub-303_ses-01_task-rest_eeg.vhdr,sub-303/ses-01/eeg/sub-303_ses-01_task-rest_eeg.eeg,sub-303/ses-01/eeg/sub-303_ses-01_task-rest_eeg.vmrk,25000,Pz,63,continuous,,63,,,25000.0,25000.0,63,,False,,True,False,eeg_not_local,,,,,,,,,,
sub-304,ses-01,PD,1,F,,70.0,,70.0,,,,,EO,2006-11-23,0,sub-304/ses-01/eeg/sub-304_ses-01_task-rest_eeg.vhdr,sub-304/ses-01/eeg/sub-304_ses-01_task-rest_eeg.eeg,sub-304/ses-01/eeg/sub-304_ses-01_task-rest_eeg.vmrk,25000,Pz,63,continuous,,63,,,25000.0,25000.0,63,,False,,True,False,eeg_not_local,,,,,,,,,,
sub-305,ses-01,PD,1,F,,80.0,,80.0,,,,,EO,2019-09-29,0,sub-305/ses-01/eeg/sub-305_ses-01_task-rest_eeg.vhdr,sub-305/ses-01/eeg/sub-305_ses-01_task-rest_eeg.eeg,sub-305/ses-01/eeg/sub-305_ses-01_task-rest_eeg.vmrk,25000,Pz,63,continuous,,63,,,25000.0,25000.0,63,,False,,True,False,eeg_not_local,,,,,,,,,,
sub-306,ses-01,PD,1,M,,77.0,,77.0,,,,,EO,2005-06-29,0,sub-306/ses-01/eeg/sub-306_ses-01_task-rest_eeg.vhdr,sub-306/ses-01/eeg/sub-306_ses-01_task-rest_eeg.eeg,sub-306/ses-01/eeg/sub-306_ses-01_task-rest_eeg.vmrk,25000,Pz,63,continuous,,63,,,25000.0,25000.0,63,,False,,True,False,eeg_not_local,,,,,,,,,,
sub-307,ses-01,PD,1,F,,74.0,,74.0,,,,,EO,2011-07-13,0,sub-307/ses-01/eeg/sub-307_ses-01_task-rest_eeg.vhdr,sub-307/ses-01/eeg/sub-307_ses-01_task-rest_eeg.eeg,sub-307/ses-01/eeg/sub-307_ses-01_task-rest_eeg.vmrk,25000,Pz,63,continuous,,63,,,25000.0,25000.0,63,,False,,True,False,eeg_not_local,,,,,,,,,,
sub-308,ses-01,PD,1,M,,67.0,,67.0,,,,,EO,2020-09-20,0,sub-308/ses-01/eeg/sub-308_ses-01_task-rest_eeg.vhdr,sub-308/ses-01/eeg/sub-308_ses-01_task-rest_eeg.eeg,sub-308/ses-01/eeg/sub-308_ses-01_task-rest_eeg.vmrk,25000,Pz,63,continuous,,63,,,25000.0,25000.0,63,,False,,True,False,eeg_not_local,,,,,,,,,,
sub-309,ses-01,PD,1,M,,76.0,,76.0,,,,,EO,2006-03-30,0,sub-309/ses-01/eeg/sub-309_ses-01_task-rest_eeg.vhdr,sub-309/ses-01/eeg/sub-309_ses-01_task-rest_eeg.eeg,sub-309/ses-01/eeg/sub-309_ses-01_task-rest_eeg.vmrk,25000,Pz,63,continuous,,63,,,25000.0,25000.0,63,,False,,True,False,eeg_not_local,,,,,,,,,,
sub-31,ses-01,Control,0,F,White,68.4,18.0,68.4,30.0,,,,EO,2011-03-15,0,sub-31/ses-01/eeg/sub-31_ses-01_task-rest_eeg.vhdr,sub-31/ses-01/eeg/sub-31_ses-01_task-rest_eeg.eeg,sub-31/ses-01/eeg/sub-31_ses-01_task-rest_eeg.vmrk,500,Pz,63,continuous,,63,,,500.0,500.0,63,,False,,True,False,eeg_not_local,,,,,,,,,,
sub-310,ses-01,PD,1,M,,80.0,,80.0,,,,,EO,2012-05-06,0,sub-310/ses-01/eeg/sub-310_ses-01_task-rest_eeg.vhdr,sub-310/ses-01/eeg/sub-310_ses-01_task-rest_eeg.eeg,sub-310/ses-01/eeg/sub-310_ses-01_task-rest_eeg.vmrk,25000,Pz,63,continuous,,63,,,25000.0,25000.0,63,,False,,True,False,eeg_not_local,,,,,,,,,,
sub-311,ses-01,PD,1,F,,73.0,,73.0,,,,,EO,2012-12-12,0,sub-311/ses-01/eeg/sub-311_ses-01_task-rest_eeg.vhdr,sub-311/ses-01/eeg/sub-311_ses-01_task-rest_eeg.eeg,sub-311/ses-01/eeg/sub-311_ses-01_task-rest_eeg.vmrk,25000,Pz,63,continuous,,63,,,25000.0,25000.0,63,,False,,True,False,eeg_not_local,,,,,,,,,,
sub-312,ses-01,PD,1,M,,60.0,,60.0,,,,,EO,2019-12-27,0,sub-312/ses-01/eeg/sub-312_ses-01_task-rest_eeg.vhdr,sub-312/ses-01/eeg/sub-312_ses-01_task-rest_eeg.eeg,sub-312/ses-01/eeg/sub-312_ses-01_task-rest_eeg.vmrk,25000,Pz,63,continuous,,63,,,25000.0,25000.0,63,,False,,True,False,eeg_not_local,,,,,,,,,,
sub-32,ses-01,Control,0,F,White,75.9,18.0,75.9,30.0,,,,EO,2002-12-13,0,sub-32/ses-01/eeg/sub-32_ses-01_task-rest_eeg.vhdr,sub-32/ses-01/eeg/sub-32_ses-01_task-rest_eeg.eeg,sub-32/ses-01/eeg/sub-32_ses-01_task-rest_eeg.vmrk,500,Pz,63,continuous,,63,,,500.0,500.0,63,,False,,True,False,eeg_not_local,,,,,,,,,,
sub-32,ses-02,Control,0,F,White,75.9,18.0,78.0,,,,,EO,2005-09-11,1003,sub-32/ses-02/eeg/sub-32_ses-02_task-rest_eeg.vhdr,sub-32/ses-02/eeg/sub-32_ses-02_task-rest_eeg.eeg,sub-32/ses-02/eeg/sub-32_ses-02_task-rest_eeg.vmrk,500,Pz,63,continuous,,63,,,500.0,500.0,63,,False,,True,False,eeg_not_local,,,,,,,,,,
sub-33,ses-01,Control,0,F,White,72.3,12.0,72.3,22.0,,,,EO,2004-03-27,0,sub-33/ses-01/eeg/sub-33_ses-01_task-rest_eeg.vhdr,sub-33/ses-01/eeg/sub-33_ses-01_task-rest_eeg.eeg,sub-33/ses-01/eeg/sub-33_ses-01_task-rest_eeg.vmrk,500,Pz,63,continuous,,63,,,500.0,500.0,63,,False,,True,False,eeg_not_local,,,,,,,,,,
sub-34,ses-01,Control,0,M,White,92.5,20.0,92.5,24.0,,,,EO,2015-09-12,0,sub-34/ses-01/eeg/sub-34_ses-01_task-rest_eeg.vhdr,sub-34/ses-01/eeg/sub-34_ses-01_task-rest_eeg.eeg,sub-34/ses-01/eeg/sub-34_ses-01_task-rest_eeg.vmrk,500,Pz,63,continuous,,63,,,500.0,500.0,63,,False,,True,False,eeg_not_local,,,,,,,,,,
sub-35,ses-01,Control,0,F,White,83.8,18.0,83.8,27.0,,,,EO,2020-11-22,0,sub-35/ses-01/eeg/sub-35_ses-01_task-rest_eeg.vhdr,sub-35/ses-01/eeg/sub-35_ses-01_task-rest_eeg.eeg,sub-35/ses-01/eeg/sub-35_ses-01_task-rest_eeg.vmrk,500,Pz,63,continuous,,63,,,500.0,500.0,63,,False,,True,False,eeg_not_local,,,,,,,,,,
sub-36,ses-01,Control,0,F,White,77.3,19.0,77.3,27.0,,,,EO,2019-12-17,0,sub-36/ses-01/eeg/sub-36_ses-01_task-rest_eeg.vhdr,sub-36/ses-01/eeg/sub-36_ses-01_task-rest_eeg.eeg,sub-36/ses-01/eeg/sub-36_ses-01_task-rest_eeg.vmrk,500,Pz,63,continuous,,63,,,500.0,500.0,63,,False,,True,False,eeg_not_local,,,,,,,,,,
sub-37,ses-01,Control,0,F,,75.0,,75.0,,,,,EO,2015-06-17,0,sub-37/ses-01/eeg/sub-37_ses-01_task-rest_eeg.vhdr,sub-37/ses-01/eeg/sub-37_ses-01_task-rest_eeg.eeg,sub-37/ses-01/eeg/sub-37_ses-01_task-rest_eeg.vmrk,500,Pz,63,continuous,,63,,,500.0,500.0,63,,False,,True,False,eeg_not_local,,,,,,,,,,
sub-38,ses-01,Control,0,M,,61.0,,61.0,,,,,EO,2020-07-13,0,sub-38/ses-01/eeg/sub-38_ses-01_task-rest_eeg.vhdr,sub-38/ses-01/eeg/sub-38_ses-01_task-rest_eeg.eeg,sub-38/ses-01/eeg/sub-38_ses-01_task-rest_eeg.vmrk,500,Pz,63,continuous,,63,,,500.0,500.0,63,,False,,True,False,eeg_not_local,,,,,,,,,,
sub-39,ses-01,Control,0,M,,69.0,,69.0,,,,,EO,2016-10-31,0,sub-39/ses-01/eeg/sub-39_ses-01_task-rest_eeg.vhdr,sub-39/ses-01/eeg/sub-39_ses-01_task-rest_eeg.eeg,sub-39/ses-01/eeg/sub-39_ses-01_task-rest_eeg.vmrk,500,Pz,63,continuous,,63,,,500.0,500.0,63,,False,,True,False,eeg_not_local,,,,,,,,,,
sub-4,ses-01,Control,0,M,White,67.2,16.0,67.2,27.0,,,,EO,2011-01-22,0,sub-4/ses-01/eeg/sub-4_ses-01_task-rest_eeg.vhdr,sub-4/ses-01/eeg/sub-4_ses-01_task-rest_eeg.eeg,sub-4/ses-01/eeg/sub-4_ses-01_task-rest_eeg.vmrk,500,Pz,63,continuous,,63,,,500.0,500.0,63,,False,,True,False,eeg_not_local,,,,,,,,,,
sub-4,ses-02,Control,0,M,White,67.2,16.0,70.0,,,,,EO,2014-04-17,1181,sub-4/ses-02/eeg/sub-4_ses-02_task-rest_eeg.vhdr,sub-4/ses-02/eeg/sub-4_ses-02_task-rest_eeg.eeg,sub-4/ses-02/eeg/sub-4_ses-02_task-rest_eeg.vmrk,500,Pz,63,continuous,,63,,,500.0,500.0,63,,False,,True,False,eeg_not_local,,,,,,,,,,
sub-40,ses-01,Control,0,F,,74.0,,74.0,,,,,EO,2005-08-03,0,sub-40/ses-01/eeg/sub-40_ses-01_task-rest_eeg.vhdr,sub-40/ses-01/eeg/sub-40_ses-01_task-rest_eeg.eeg,sub-40/ses-01/eeg/sub-40_ses-01_task-rest_eeg.vmrk,500,Pz,63,continuous,,63,,,500.0,500.0,63,,False,,True,False,eeg_not_local,,,,,,,,,,
sub-41,ses-01,Control,0,M,,76.0,,76.0,,,,,EO,2009-09-24,0,sub-41/ses-01/eeg/sub-41_ses-01_task-rest_eeg.vhdr,sub-41/ses-01/eeg/sub-41_ses-01_task-rest_eeg.eeg,sub-41/ses-01/eeg/sub-41_ses-01_task-rest_eeg.vmrk,500,Pz,63,continuous,,63,,,500.0,500.0,63,,False,,True,False,eeg_not_local,,,,,,,,,,
sub-42,ses-01,Control,0,F,,75.0,,75.0,,,,,EO,2014-01-09,0,sub-42/ses-01/eeg/sub-42_ses-01_task-rest_eeg.vhdr,sub-42/ses-01/eeg/sub-42_ses-01_task-rest_eeg.eeg,sub-42/ses-01/eeg/sub-42_ses-01_task-rest_eeg.vmrk,500,Pz,63,continuous,,63,,,500.0,500.0,63,,False,,True,False,eeg_not_local,,,,,,,,,,
sub-43,ses-01,Control,0,M,,77.0,,77.0,,,,,EO,2015-03-29,0,sub-43/ses-01/eeg/sub-43_ses-01_task-rest_eeg.vhdr,sub-43/ses-01/eeg/sub-43_ses-01_task-rest_eeg.eeg,sub-43/ses-01/eeg/sub-43_ses-01_task-rest_eeg.vmrk,500,Pz,63,continuous,,63,,,500.0,500.0,63,,False,,True,False,eeg_not_local,,,,,,,,,,
sub-44,ses-01,Control,0,F,,40.0,,40.0,,,,,EO,2014-11-18,0,sub-44/ses-01/eeg/sub-44_ses-01_task-rest_eeg.vhdr,sub-44/ses-01/eeg/sub-44_ses-01_task-rest_eeg.eeg,sub-44/ses-01/eeg/sub-44_ses-01_task-rest_eeg.vmrk,500,Pz,63,continuous,,63,,,500.0,500.0,63,,False,,True,False,eeg_not_local,,,,,,,,,,
sub-45,ses-01,Control,0,M,,68.0,,68.0,,,,,EO,2003-08-15,0,sub-45/ses-01/eeg/sub-45_ses-01_task-rest_eeg.vhdr,sub-45/ses-01/eeg/sub-45_ses-01_task-rest_eeg.eeg,sub-45/ses-01/eeg/sub-45_ses-01_task-rest_eeg.vmrk,500,Pz,63,continuous,,63,,,500.0,500.0,63,,False,,True,False,eeg_not_local,,,,,,,,,,
sub-46,ses-01,Control,0,F,,46.0,,46.0,,,,,EO,2006-05-06,0,sub-46/ses-01/eeg/sub-46_ses-01_task-rest_eeg.vhdr,sub-46/ses-01/eeg/sub-46_ses-01_task-rest_eeg.eeg,sub-46/ses-01/eeg/sub-46_ses-01_task-rest_eeg.vmrk,500,Pz,63,continuous,,63,,,500.0,500.0,63,,False,,True,False,eeg_not_local,,,,,,,,,,
sub-47,ses-01,Control,0,F,,42.0,,42.0,,,,,EO,2007-07-08,0,sub-47/ses-01/eeg/sub-47_ses-01_task-rest_eeg.vhdr,sub-47/ses-01/eeg/sub-47_ses-01_task-rest_eeg.eeg,sub-47/ses-01/eeg/sub-47_ses-01_task-rest_eeg.vmrk,500,Pz,63,continuous,sub-47_ses-01_task-rest_eeg.eeg,64,2000.0,IEEE_FLOAT_32,500.0,500.0,64,301.44,True,,True,True,,130.492615959406,3.058511965449613,212.46102120618463,212.46101844250842,3.058511965449613,0.06241503608283576,0.04327639997167584,150720.0,63.0,500.0
sub-48,ses-01,Control,0,F,,76.0,,76.0,,,,,EO,2014-10-06,0,sub-48/ses-01/eeg/sub-48_ses-01_task-rest_eeg.vhdr,sub-48/ses-01/eeg/sub-48_ses-01_task-rest_eeg.eeg,sub-48/ses-01/eeg/sub-48_ses-01_task-rest_eeg.vmrk,500,Pz,63,continuous,,63,,,500.0,500.0,63,,False,,True,False,eeg_not_local,,,,,,,,,,
sub-49,ses-01,Control,0,F,,49.0,,49.0,,,,,EO,2005-06-30,0,sub-49/ses-01/eeg/sub-49_ses-01_task-rest_eeg.vhdr,sub-49/ses-01/eeg/sub-49_ses-01_task-rest_eeg.eeg,sub-49/ses-01/eeg/sub-49_ses-01_task-rest_eeg.vmrk,500,Pz,63,continuous,,63,,,500.0,500.0,63,,False,,True,False,eeg_not_local,,,,,,,,,,
sub-5,ses-01,Control,0,M,White,66.6,17.0,66.6,27.0,,,,EO,2002-11-23,0,sub-5/ses-01/eeg/sub-5_ses-01_task-rest_eeg.vhdr,sub-5/ses-01/eeg/sub-5_ses-01_task-rest_eeg.eeg,sub-5/ses-01/eeg/sub-5_ses-01_task-rest_eeg.vmrk,500,Pz,63,continuous,,63,,,500.0,500.0,63,,False,,True,False,eeg_not_local,,,,,,,,,,
sub-50,ses-01,Control,0,F,,60.0,,60.0,,,,,EO,2003-04-30,0,sub-50/ses-01/eeg/sub-50_ses-01_task-rest_eeg.vhdr,sub-50/ses-01/eeg/sub-50_ses-01_task-rest_eeg.eeg,sub-50/ses-01/eeg/sub-50_ses-01_task-rest_eeg.vmrk,500,Pz,63,continuous,,63,,,500.0,500.0,63,,False,,True,False,eeg_not_local,,,,,,,,,,
sub-51,ses-01,Control,0,F,,64.0,,64.0,,,,,EO,2013-08-01,0,sub-51/ses-01/eeg/sub-51_ses-01_task-rest_eeg.vhdr,sub-51/ses-01/eeg/sub-51_ses-01_task-rest_eeg.eeg,sub-51/ses-01/eeg/sub-51_ses-01_task-rest_eeg.vmrk,500,Pz,63,continuous,,63,,,500.0,500.0,63,,False,,True,False,eeg_not_local,,,,,,,,,,
sub-52,ses-01,Control,0,M,,40.0,,40.0,,,,,EO,2019-05-01,0,sub-52/ses-01/eeg/sub-52_ses-01_task-rest_eeg.vhdr,sub-52/ses-01/eeg/sub-52_ses-01_task-rest_eeg.eeg,sub-52/ses-01/eeg/sub-52_ses-01_task-rest_eeg.vmrk,500,Pz,63,continuous,,63,,,500.0,500.0,63,,False,,True,False,eeg_not_local,,,,,,,,,,
sub-53,ses-01,Control,0,M,,65.0,,65.0,,,,,EO,2008-10-02,0,sub-53/ses-01/eeg/sub-53_ses-01_task-rest_eeg.vhdr,sub-53/ses-01/eeg/sub-53_ses-01_task-rest_eeg.eeg,sub-53/ses-01/eeg/sub-53_ses-01_task-rest_eeg.vmrk,500,Pz,63,continuous,,63,,,500.0,500.0,63,,False,,True,False,eeg_not_local,,,,,,,,,,
sub-54,ses-01,Control,0,F,,65.0,,65.0,,,,,EO,2004-10-09,0,sub-54/ses-01/eeg/sub-54_ses-01_task-rest_eeg.vhdr,sub-54/ses-01/eeg/sub-54_ses-01_task-rest_eeg.eeg,sub-54/ses-01/eeg/sub-54_ses-01_task-rest_eeg.vmrk,500,Pz,63,continuous,,63,,,500.0,500.0,63,,False,,True,False,eeg_not_local,,,,,,,,,,
sub-55,ses-01,Control,0,F,,52.0,,52.0,,,,,EO,2009-07-15,0,sub-55/ses-01/eeg/sub-55_ses-01_task-rest_eeg.vhdr,sub-55/ses-01/eeg/sub-55_ses-01_task-rest_eeg.eeg,sub-55/ses-01/eeg/sub-55_ses-01_task-rest_eeg.vmrk,500,Pz,63,continuous,,63,,,500.0,500.0,63,,False,,True,False,eeg_not_local,,,,,,,,,,
sub-56,ses-01,Control,0,F,,45.0,,45.0,,,,,EO,2020-02-20,0,sub-56/ses-01/eeg/sub-56_ses-01_task-rest_eeg.vhdr,sub-56/ses-01/eeg/sub-56_ses-01_task-rest_eeg.eeg,sub-56/ses-01/eeg/sub-56_ses-01_task-rest_eeg.vmrk,500,Pz,63,continuous,,63,,,500.0,500.0,63,,False,,True,False,eeg_not_local,,,,,,,,,,
sub-57,ses-01,Control,0,M,,58.0,,58.0,,,,,EO,2010-10-31,0,sub-57/ses-01/eeg/sub-57_ses-01_task-rest_eeg.vhdr,sub-57/ses-01/eeg/sub-57_ses-01_task-rest_eeg.eeg,sub-57/ses-01/eeg/sub-57_ses-01_task-rest_eeg.vmrk,500,Pz,63,continuous,,63,,,500.0,500.0,63,,False,,True,False,eeg_not_local,,,,,,,,,,
sub-58,ses-01,Control,0,F,,59.0,,59.0,,,,,EO,2001-08-15,0,sub-58/ses-01/eeg/sub-58_ses-01_task-rest_eeg.vhdr,sub-58/ses-01/eeg/sub-58_ses-01_task-rest_eeg.eeg,sub-58/ses-01/eeg/sub-58_ses-01_task-rest_eeg.vmrk,500,Pz,63,continuous,,63,,,500.0,500.0,63,,False,,True,False,eeg_not_local,,,,,,,,,,
sub-59,ses-01,Control,0,F,,48.0,,48.0,,,,,EO,2006-05-22,0,sub-59/ses-01/eeg/sub-59_ses-01_task-rest_eeg.vhdr,sub-59/ses-01/eeg/sub-59_ses-01_task-rest_eeg.eeg,sub-59/ses-01/eeg/sub-59_ses-01_task-rest_eeg.vmrk,500,Pz,63,continuous,,63,,,500.0,500.0,63,,False,,True,False,eeg_not_local,,,,,,,,,,
sub-6,ses-01,Control,0,M,White,67.4,16.0,67.4,26.0,,,,EO,2000-03-19,0,sub-6/ses-01/eeg/sub-6_ses-01_task-rest_eeg.vhdr,sub-6/ses-01/eeg/sub-6_ses-01_task-rest_eeg.eeg,sub-6/ses-01/eeg/sub-6_ses-01_task-rest_eeg.vmrk,500,Pz,63,continuous,,63,,,500.0,500.0,63,,False,,True,False,eeg_not_local,,,,,,,,,,
sub-60,ses-01,Control,0,F,,44.0,,44.0,,,,,EO,2010-02-25,0,sub-60/ses-01/eeg/sub-60_ses-01_task-rest_eeg.vhdr,sub-60/ses-01/eeg/sub-60_ses-01_task-rest_eeg.eeg,sub-60/ses-01/eeg/sub-60_ses-01_task-rest_eeg.vmrk,500,Pz,63,continuous,,63,,,500.0,500.0,63,,False,,True,False,eeg_not_local,,,,,,,,,,
sub-61,ses-01,Control,0,M,,76.0,,76.0,,,,,EO,2004-03-01,0,sub-61/ses-01/eeg/sub-61_ses-01_task-rest_eeg.vhdr,sub-61/ses-01/eeg/sub-61_ses-01_task-rest_eeg.eeg,sub-61/ses-01/eeg/sub-61_ses-01_task-rest_eeg.vmrk,500,Pz,63,continuous,,63,,,500.0,500.0,63,,False,,True,False,eeg_not_local,,,,,,,,,,
sub-62,ses-01,Control,0,M,,61.0,16.0,61.0,26.0,,,,EO,2004-05-17,0,sub-62/ses-01/eeg/sub-62_ses-01_task-rest_eeg.vhdr,sub-62/ses-01/eeg/sub-62_ses-01_task-rest_eeg.eeg,sub-62/ses-01/eeg/sub-62_ses-01_task-rest_eeg.vmrk,500,Pz,63,continuous,,63,,,500.0,500.0,63,,False,,True,False,eeg_not_local,,,,,,,,,,
sub-63,ses-01,Control,0,M,,80.0,20.0,80.0,26.0,,,,EO,2006-11-16,0,sub-63/ses-01/eeg/sub-63_ses-01_task-rest_eeg.vhdr,sub-63/ses-01/eeg/sub-63_ses-01_task-rest_eeg.eeg,sub-63/ses-01/eeg/sub-63_ses-01_task-rest_eeg.vmrk,500,Pz,63,continuous,,63,,,500.0,500.0,63,,False,,True,False,eeg_not_local,,,,,,,,,,
sub-64,ses-01,Control,0,M,,76.0,18.0,76.0,25.0,,,,EO,2005-09-08,0,sub-64/ses-01/eeg/sub-64_ses-01_task-rest_eeg.vhdr,sub-64/ses-01/eeg/sub-64_ses-01_task-rest_eeg.eeg,sub-64/ses-01/eeg/sub-64_ses-01_task-rest_eeg.vmrk,500,Pz,63,continuous,,63,,,500.0,500.0,63,,False,,True,False,eeg_not_local,,,,,,,,,,
sub-65,ses-01,Control,0,F,,71.0,20.0,71.0,27.0,,,,EO,2000-12-23,0,sub-65/ses-01/eeg/sub-65_ses-01_task-rest_eeg.vhdr,sub-65/ses-01/eeg/sub-65_ses-01_task-rest_eeg.eeg,sub-65/ses-01/eeg/sub-65_ses-01_task-rest_eeg.vmrk,500,Pz,63,continuous,,63,,,500.0,500.0,63,,False,,True,False,eeg_not_local,,,,,,,,,,
sub-66,ses-01,Control,0,M,,64.0,18.0,64.0,26.0,,,,EO,2002-06-14,0,sub-66/ses-01/eeg/sub-66_ses-01_task-rest_eeg.vhdr,sub-66/ses-01/eeg/sub-66_ses-01_task-rest_eeg.eeg,sub-66/ses-01/eeg/sub-66_ses-01_task-rest_eeg.vmrk,500,Pz,63,continuous,,63,,,500.0,500.0,63,,False,,True,False,eeg_not_local,,,,,,,,,,
sub-67,ses-01,Control,0,F,,66.0,16.0,66.0,29.0,,,,EO,2008-04-02,0,sub-67/ses-01/eeg/sub-67_ses-01_task-rest_eeg.vhdr,sub-67/ses-01/eeg/sub-67_ses-01_task-rest_eeg.eeg,sub-67/ses-01/eeg/sub-67_ses-01_task-rest_eeg.vmrk,500,Pz,63,continuous,,63,,,500.0,500.0,63,,False,,True,False,eeg_not_local,,,,,,,,,,
sub-68,ses-01,Control,0,F,,76.0,17.0,76.0,26.0,,,,EO,2005-03-07,0,sub-68/ses-01/eeg/sub-68_ses-01_task-rest_eeg.vhdr,sub-68/ses-01/eeg/sub-68_ses-01_task-rest_eeg.eeg,sub-68/ses-01/eeg/sub-68_ses-01_task-rest_eeg.vmrk,500,Pz,63,continuous,,63,,,500.0,500.0,63,,False,,True,False,eeg_not_local,,,,,,,,,,
sub-69,ses-01,Control,0,F,,77.0,13.0,77.0,24.0,,,,EO,2004-11-03,0,sub-69/ses-01/eeg/sub-69_ses-01_task-rest_eeg.vhdr,sub-69/ses-01/eeg/sub-69_ses-01_task-rest_eeg.eeg,sub-69/ses-01/eeg/sub-69_ses-01_task-rest_eeg.vmrk,500,Pz,63,continuous,,63,,,500.0,500.0,63,,False,,True,False,eeg_not_local,,,,,,,,,,
sub-7,ses-01,Control,0,F,White,61.4,14.0,61.4,27.0,,,,EO,2011-02-14,0,sub-7/ses-01/eeg/sub-7_ses-01_task-rest_eeg.vhdr,sub-7/ses-01/eeg/sub-7_ses-01_task-rest_eeg.eeg,sub-7/ses-01/eeg/sub-7_ses-01_task-rest_eeg.vmrk,500,Pz,63,continuous,,63,,,500.0,500.0,63,,False,,True,False,eeg_not_local,,,,,,,,,,
sub-70,ses-01,Control,0,F,,72.0,18.0,72.0,28.0,,,,EO,2020-04-07,0,sub-70/ses-01/eeg/sub-70_ses-01_task-rest_eeg.vhdr,sub-70/ses-01/eeg/sub-70_ses-01_task-rest_eeg.eeg,sub-70/ses-01/eeg/sub-70_ses-01_task-rest_eeg.vmrk,500,Pz,63,continuous,,63,,,500.0,500.0,63,,False,,True,False,eeg_not_local,,,,,,,,,,
sub-71,ses-01,Control,0,F,,70.0,17.0,70.0,27.0,,,,EO,2016-11-18,0,sub-71/ses-01/eeg/sub-71_ses-01_task-rest_eeg.vhdr,sub-71/ses-01/eeg/sub-71_ses-01_task-rest_eeg.eeg,sub-71/ses-01/eeg/sub-71_ses-01_task-rest_eeg.vmrk,500,Pz,63,continuous,,63,,,500.0,500.0,63,,False,,True,False,eeg_not_local,,,,,,,,,,
sub-72,ses-01,Control,0,M,,70.0,16.0,70.0,26.0,,,,EO,2016-10-28,0,sub-72/ses-01/eeg/sub-72_ses-01_task-rest_eeg.vhdr,sub-72/ses-01/eeg/sub-72_ses-01_task-rest_eeg.eeg,sub-72/ses-01/eeg/sub-72_ses-01_task-rest_eeg.vmrk,500,Pz,63,continuous,,63,,,500.0,500.0,63,,False,,True,False,eeg_not_local,,,,,,,,,,
sub-73,ses-01,Control,0,F,,64.0,20.0,64.0,28.0,,,,EO,2013-01-06,0,sub-73/ses-01/eeg/sub-73_ses-01_task-rest_eeg.vhdr,sub-73/ses-01/eeg/sub-73_ses-01_task-rest_eeg.eeg,sub-73/ses-01/eeg/sub-73_ses-01_task-rest_eeg.vmrk,500,Pz,63,continuous,,63,,,500.0,500.0,63,,False,,True,False,eeg_not_local,,,,,,,,,,
sub-74,ses-01,Control,0,F,,71.0,18.0,71.0,28.0,,,,EO,2004-11-17,0,sub-74/ses-01/eeg/sub-74_ses-01_task-rest_eeg.vhdr,sub-74/ses-01/eeg/sub-74_ses-01_task-rest_eeg.eeg,sub-74/ses-01/eeg/sub-74_ses-01_task-rest_eeg.vmrk,500,Pz,63,continuous,,63,,,500.0,500.0,63,,False,,True,False,eeg_not_local,,,,,,,,,,
sub-75,ses-01,Control,0,M,,71.0,18.0,71.0,23.0,,,,EO,2009-08-11,0,sub-75/ses-01/eeg/sub-75_ses-01_task-rest_eeg.vhdr,sub-75/ses-01/eeg/sub-75_ses-01_task-rest_eeg.eeg,sub-75/ses-01/eeg/sub-75_ses-01_task-rest_eeg.vmrk,500,Pz,63,continuous,,63,,,500.0,500.0,63,,False,,True,False,eeg_not_local,,,,,,,,,,
sub-76,ses-01,Control,0,M,,71.0,18.0,71.0,27.0,,,,EO,2004-06-11,0,sub-76/ses-01/eeg/sub-76_ses-01_task-rest_eeg.vhdr,sub-76/ses-01/eeg/sub-76_ses-01_task-rest_eeg.eeg,sub-76/ses-01/eeg/sub-76_ses-01_task-rest_eeg.vmrk,500,Pz,63,continuous,,63,,,500.0,500.0,63,,False,,True,False,eeg_not_local,,,,,,,,,,
sub-77,ses-01,Control,0,F,,58.0,15.0,58.0,27.0,,,,EO,2000-01-24,0,sub-77/ses-01/eeg/sub-77_ses-01_task-rest_eeg.vhdr,sub-77/ses-01/eeg/sub-77_ses-01_task-rest_eeg.eeg,sub-77/ses-01/eeg/sub-77_ses-01_task-rest_eeg.vmrk,500,Pz,63,continuous,,63,,,500.0,500.0,63,,False,,True,False,eeg_not_local,,,,,,,,,,
sub-78,ses-01,Control,0,M,,71.0,18.0,71.0,28.0,,,,EO,2006-07-06,0,sub-78/ses-01/eeg/sub-78_ses-01_task-rest_eeg.vhdr,sub-78/ses-01/eeg/sub-78_ses-01_task-rest_eeg.eeg,sub-78/ses-01/eeg/sub-78_ses-01_task-rest_eeg.vmrk,500,Pz,63,continuous,,63,,,500.0,500.0,63,,False,,True,False,eeg_not_local,,,,,,,,,,
sub-79,ses-01,Control,0,M,,77.0,19.0,77.0,26.0,,,,EO,2001-07-20,0,sub-79/ses-01/eeg/sub-79_ses-01_task-rest_eeg.vhdr,sub-79/ses-01/eeg/sub-79_ses-01_task-rest_eeg.eeg,sub-79/ses-01/eeg/sub-79_ses-01_task-rest_eeg.vmrk,500,Pz,63,continuous,,63,,,500.0,500.0,63,,False,,True,False,eeg_not_local,,,,,,,,,,
sub-8,ses-01,Control,0,M,White,77.1,18.0,77.1,26.0,,,,EO,2008-08-13,0,sub-8/ses-01/eeg/sub-8_ses-01_task-rest_eeg.vhdr,sub-8/ses-01/eeg/sub-8_ses-01_task-rest_eeg.eeg,sub-8/ses-01/eeg/sub-8_ses-01_task-rest_eeg.vmrk,500,Pz,63,continuous,,63,,,500.0,500.0,63,,False,,True,False,eeg_not_local,,,,,,,,,,
sub-8,ses-02,Control,0,M,White,77.1,18.0,81.0,,,,,EO,2013-04-09,1700,sub-8/ses-02/eeg/sub-8_ses-02_task-rest_eeg.vhdr,sub-8/ses-02/eeg/sub-8_ses-02_task-rest_eeg.eeg,sub-8/ses-02/eeg/sub-8_ses-02_task-rest_eeg.vmrk,500,Pz,63,continuous,,63,,,500.0,500.0,63,,False,,True,False,eeg_not_local,,,,,,,,,,
sub-80,ses-01,Control,0,M,,60.0,18.0,60.0,29.0,,,,EO,2019-03-08,0,sub-80/ses-01/eeg/sub-80_ses-01_task-rest_eeg.vhdr,sub-80/ses-01/eeg/sub-80_ses-01_task-rest_eeg.eeg,sub-80/ses-01/eeg/sub-80_ses-01_task-rest_eeg.vmrk,500,Pz,63,continuous,,63,,,500.0,500.0,63,,False,,True,False,eeg_not_local,,,,,,,,,,
sub-81,ses-01,Control,0,M,,80.0,20.0,80.0,26.0,,,,EO,2001-02-07,0,sub-81/ses-01/eeg/sub-81_ses-01_task-rest_eeg.vhdr,sub-81/ses-01/eeg/sub-81_ses-01_task-rest_eeg.eeg,sub-81/ses-01/eeg/sub-81_ses-01_task-rest_eeg.vmrk,500,Pz,63,continuous,,63,,,500.0,500.0,63,,False,,True,False,eeg_not_local,,,,,,,,,,
sub-82,ses-01,Control,0,F,,54.0,12.0,54.0,28.0,,,,EO,2004-02-15,0,sub-82/ses-01/eeg/sub-82_ses-01_task-rest_eeg.vhdr,sub-82/ses-01/eeg/sub-82_ses-01_task-rest_eeg.eeg,sub-82/ses-01/eeg/sub-82_ses-01_task-rest_eeg.vmrk,500,Pz,63,continuous,,63,,,500.0,500.0,63,,False,,True,False,eeg_not_local,,,,,,,,,,
sub-83,ses-01,Control,0,F,,57.0,13.0,57.0,27.0,,,,EO,2017-07-24,0,sub-83/ses-01/eeg/sub-83_ses-01_task-rest_eeg.vhdr,sub-83/ses-01/eeg/sub-83_ses-01_task-rest_eeg.eeg,sub-83/ses-01/eeg/sub-83_ses-01_task-rest_eeg.vmrk,500,Pz,63,continuous,,63,,,500.0,500.0,63,,False,,True,False,eeg_not_local,,,,,,,,,,
sub-84,ses-01,Control,0,F,,61.0,16.0,61.0,29.0,,,,EO,2003-01-07,0,sub-84/ses-01/eeg/sub-84_ses-01_task-rest_eeg.vhdr,sub-84/ses-01/eeg/sub-84_ses-01_task-rest_eeg.eeg,sub-84/ses-01/eeg/sub-84_ses-01_task-rest_eeg.vmrk,500,Pz,63,continuous,,63,,,500.0,500.0,63,,False,,True,False,eeg_not_local,,,,,,,,,,
sub-85,ses-01,Control,0,M,White,80.0,18.0,80.0,24.0,,,,EO,2000-12-17,0,sub-85/ses-01/eeg/sub-85_ses-01_task-rest_eeg.vhdr,sub-85/ses-01/eeg/sub-85_ses-01_task-rest_eeg.eeg,sub-85/ses-01/eeg/sub-85_ses-01_task-rest_eeg.vmrk,500,Pz,63,continuous,,63,,,500.0,500.0,63,,False,,True,False,eeg_not_local,,,,,,,,,,
sub-85,ses-02,Control,0,M,White,80.0,18.0,84.3,23.0,,,,EO,2005-02-04,1510,sub-85/ses-02/eeg/sub-85_ses-02_task-rest_eeg.vhdr,sub-85/ses-02/eeg/sub-85_ses-02_task-rest_eeg.eeg,sub-85/ses-02/eeg/sub-85_ses-02_task-rest_eeg.vmrk,500,Pz,63,continuous,,63,,,500.0,500.0,63,,False,,True,False,eeg_not_local,,,,,,,,,,
sub-86,ses-01,Control,0,F,White,84.0,16.0,84.0,25.0,,,,EO,2010-05-25,0,sub-86/ses-01/eeg/sub-86_ses-01_task-rest_eeg.vhdr,sub-86/ses-01/eeg/sub-86_ses-01_task-rest_eeg.eeg,sub-86/ses-01/eeg/sub-86_ses-01_task-rest_eeg.vmrk,500,Pz,63,continuous,,63,,,500.0,500.0,63,,False,,True,False,eeg_not_local,,,,,,,,,,
sub-86,ses-02,Control,0,F,White,84.0,16.0,88.3,22.0,,,,EO,2014-09-13,1572,sub-86/ses-02/eeg/sub-86_ses-02_task-rest_eeg.vhdr,sub-86/ses-02/eeg/sub-86_ses-02_task-rest_eeg.eeg,sub-86/ses-02/eeg/sub-86_ses-02_task-rest_eeg.vmrk,500,Pz,63,continuous,,63,,,500.0,500.0,63,,False,,True,False,eeg_not_local,,,,,,,,,,
sub-87,ses-01,Control,0,M,,71.0,18.0,71.0,27.0,,,,EO,2014-04-22,0,sub-87/ses-01/eeg/sub-87_ses-01_task-rest_eeg.vhdr,sub-87/ses-01/eeg/sub-87_ses-01_task-rest_eeg.eeg,sub-87/ses-01/eeg/sub-87_ses-01_task-rest_eeg.vmrk,500,Pz,63,continuous,,63,,,500.0,500.0,63,,False,,True,False,eeg_not_local,,,,,,,,,,
sub-88,ses-01,Control,0,M,,68.0,17.0,68.0,26.0,,,,EO,2020-03-26,0,sub-88/ses-01/eeg/sub-88_ses-01_task-rest_eeg.vhdr,sub-88/ses-01/eeg/sub-88_ses-01_task-rest_eeg.eeg,sub-88/ses-01/eeg/sub-88_ses-01_task-rest_eeg.vmrk,500,Pz,63,continuous,,63,,,500.0,500.0,63,,False,,True,False,eeg_not_local,,,,,,,,,,
sub-89,ses-01,Control,0,M,,64.0,14.0,64.0,26.0,,,,EO,2001-07-06,0,sub-89/ses-01/eeg/sub-89_ses-01_task-rest_eeg.vhdr,sub-89/ses-01/eeg/sub-89_ses-01_task-rest_eeg.eeg,sub-89/ses-01/eeg/sub-89_ses-01_task-rest_eeg.vmrk,500,Pz,63,continuous,,63,,,500.0,500.0,63,,False,,True,False,eeg_not_local,,,,,,,,,,
sub-9,ses-01,Control,0,M,White,83.5,20.0,83.5,27.0,,,,EO,2017-05-13,0,sub-9/ses-01/eeg/sub-9_ses-01_task-rest_eeg.vhdr,sub-9/ses-01/eeg/sub-9_ses-01_task-rest_eeg.eeg,sub-9/ses-01/eeg/sub-9_ses-01_task-rest_eeg.vmrk,500,Pz,63,continuous,,63,,,500.0,500.0,63,,False,,True,False,eeg_not_local,,,,,,,,,,
sub-90,ses-01,Control,0,F,,68.0,16.0,68.0,26.0,,,,EO,2009-04-28,0,sub-90/ses-01/eeg/sub-90_ses-01_task-rest_eeg.vhdr,sub-90/ses-01/eeg/sub-90_ses-01_task-rest_eeg.eeg,sub-90/ses-01/eeg/sub-90_ses-01_task-rest_eeg.vmrk,500,Pz,63,continuous,,63,,,500.0,500.0,63,,False,,True,False,eeg_not_local,,,,,,,,,,
sub-91,ses-01,Control,0,F,,73.0,14.0,73.0,30.0,,,,EO,2014-03-12,0,sub-91/ses-01/eeg/sub-91_ses-01_task-rest_eeg.vhdr,sub-91/ses-01/eeg/sub-91_ses-01_task-rest_eeg.eeg,sub-91/ses-01/eeg/sub-91_ses-01_task-rest_eeg.vmrk,500,Pz,63,continuous,,63,,,500.0,500.0,63,,False,,True,False,eeg_not_local,,,,,,,,,,
sub-92,ses-01,Control,0,M,,85.0,16.0,85.0,28.0,,,,EO,2018-09-14,0,sub-92/ses-01/eeg/sub-92_ses-01_task-rest_eeg.vhdr,sub-92/ses-01/eeg/sub-92_ses-01_task-rest_eeg.eeg,sub-92/ses-01/eeg/sub-92_ses-01_task-rest_eeg.vmrk,500,Pz,63,continuous,,63,,,500.0,500.0,63,,False,,True,False,eeg_not_local,,,,,,,,,,
sub-93,ses-01,Control,0,M,,72.0,16.0,72.0,28.0,,,,EO,2006-02-14,0,sub-93/ses-01/eeg/sub-93_ses-01_task-rest_eeg.vhdr,sub-93/ses-01/eeg/sub-93_ses-01_task-rest_eeg.eeg,sub-93/ses-01/eeg/sub-93_ses-01_task-rest_eeg.vmrk,500,Pz,63,continuous,,63,,,500.0,500.0,63,,False,,True,False,eeg_not_local,,,,,,,,,,
sub-94,ses-01,Control,0,M,,73.0,14.0,73.0,22.0,,,,EO,2010-03-20,0,sub-94/ses-01/eeg/sub-94_ses-01_task-rest_eeg.vhdr,sub-94/ses-01/eeg/sub-94_ses-01_task-rest_eeg.eeg,sub-94/ses-01/eeg/sub-94_ses-01_task-rest_eeg.vmrk,500,Pz,63,continuous,,63,,,500.0,500.0,63,,False,,True,False,eeg_not_local,,,,,,,,,,
sub-95,ses-01,Control,0,M,,79.0,16.0,79.0,24.0,,,,EO,2015-10-14,0,sub-95/ses-01/eeg/sub-95_ses-01_task-rest_eeg.vhdr,sub-95/ses-01/eeg/sub-95_ses-01_task-rest_eeg.eeg,sub-95/ses-01/eeg/sub-95_ses-01_task-rest_eeg.vmrk,500,Pz,63,continuous,,63,,,500.0,500.0,63,,False,,True,False,eeg_not_local,,,,,,,,,,
sub-96,ses-01,Control,0,M,,74.0,20.0,74.0,25.0,,,,EO,2016-01-11,0,sub-96/ses-01/eeg/sub-96_ses-01_task-rest_eeg.vhdr,sub-96/ses-01/eeg/sub-96_ses-01_task-rest_eeg.eeg,sub-96/ses-01/eeg/sub-96_ses-01_task-rest_eeg.vmrk,500,Pz,63,continuous,,63,,,500.0,500.0,63,,False,,True,False,eeg_not_local,,,,,,,,,,
sub-97,ses-01,Control,0,M,,78.0,16.0,78.0,25.0,,,,EO,2008-01-23,0,sub-97/ses-01/eeg/sub-97_ses-01_task-rest_eeg.vhdr,sub-97/ses-01/eeg/sub-97_ses-01_task-rest_eeg.eeg,sub-97/ses-01/eeg/sub-97_ses-01_task-rest_eeg.vmrk,500,Pz,63,continuous,,63,,,500.0,500.0,63,,False,,True,False,eeg_not_local,,,,,,,,,,
sub-98,ses-01,Control,0,F,,74.0,14.0,74.0,25.0,,,,EO,2015-09-24,0,sub-98/ses-01/eeg/sub-98_ses-01_task-rest_eeg.vhdr,sub-98/ses-01/eeg/sub-98_ses-01_task-rest_eeg.eeg,sub-98/ses-01/eeg/sub-98_ses-01_task-rest_eeg.vmrk,500,Pz,63,continuous,,63,,,500.0,500.0,63,,False,,True,False,eeg_not_local,,,,,,,,,,
sub-99,ses-01,Control,0,M,,70.0,16.0,70.0,30.0,,,,EO,2001-03-17,0,sub-99/ses-01/eeg/sub-99_ses-01_task-rest_eeg.vhdr,sub-99/ses-01/eeg/sub-99_ses-01_task-rest_eeg.eeg,sub-99/ses-01/eeg/sub-99_ses-01_task-rest_eeg.vmrk,500,Pz,63,continuous,,63,,,500.0,500.0,63,,False,,True,False,eeg_not_local,,,,,,,,,,
